[mpegts @ 000001a4bd203d00] Packet corrupt (stream = 0, dts = 393000).
[in#0/hls @ 000001a4bb31bd40] Packet corrupt (stream = 0, dts = 390000).
[in#0/hls @ 000001a4bb2c62c0] corrupt input packet in stream 0
[mpegts @ 000001a4bd203d00] Packet corrupt (stream = 0, dts = 663000).
[in#0/hls @ 000001a4bb31bd40] Packet corrupt (stream = 0, dts = 660000).
[in#0/hls @ 000001a4bb2c62c0] corrupt input packet in stream 0
[mpegts @ 000001a4bd203d00] Packet corrupt (stream = 0, dts = 933000).
[in#0/hls @ 000001a4bb31bd40] Packet corrupt (stream = 0, dts = 930000).
[in#0/hls @ 000001a4bb2c62c0] corrupt input packet in stream 0
[mpegts @ 000001a4bd203d00] Packet corrupt (stream = 0, dts = 1203000).
[in#0/hls @ 000001a4bb31bd40] Packet corrupt (stream = 0, dts = 1200000).
[in#0/hls @ 000001a4bb2c62c0] corrupt input packet in stream 0
[mpegts @ 000001a4bd203d00] Packet corrupt (stream = 0, dts = 1473000).
[in#0/hls @ 000001a4bb31bd40] Packet corrupt (stream = 0, dts = 1470000).
[in#0/hls @ 000001a4bb2c62c0] corrupt input packet in stream 0
[mpegts @ 000001a4bd203d00] Packet corrupt (stream = 0, dts = 1743000).
[in#0/hls @ 000001a4bb31bd40] Packet corrupt (stream = 0, dts = 1740000).
[in#0/hls @ 000001a4bb2c62c0] corrupt input packet in stream 0
[mpegts @ 000001a4bd203d00] Packet corrupt (stream = 0, dts = 2013000).
[in#0/hls @ 000001a4bb31bd40] Packet corrupt (stream = 0, dts = 2010000).
[in#0/hls @ 000001a4bb2c62c0] corrupt input packet in stream 0
[mpegts @ 000001a4bd203d00] Packet corrupt (stream = 0, dts = 2283000).
[in#0/hls @ 000001a4bb31bd40] Packet corrupt (stream = 0, dts = 2280000).
[in#0/hls @ 000001a4bb2c62c0] corrupt input packet in stream 0
[mpegts @ 000001a4bd203d00] Packet corrupt (stream = 0, dts = 2553000).
[in#0/hls @ 000001a4bb31bd40] Packet corrupt (stream = 0, dts = 2550000).
[in#0/hls @ 000001a4bb2c62c0] corrupt input packet in stream 0
[mpegts @ 000001a4bd203d00] Packet corrupt (stream = 0, dts = 2823000).
[in#0/hls @ 000001a4bb31bd40] Packet corrupt (stream = 0, dts = 2820000).
[in#0/hls @ 000001a4bb2c62c0] corrupt input packet in stream 0
[mpegts @ 000001a4bd203d00] Packet corrupt (stream = 0, dts = 3117000).
[in#0/hls @ 000001a4bb31bd40] Packet corrupt (stream = 0, dts = 3114000).
[in#0/hls @ 000001a4bb2c62c0] corrupt input packet in stream 0
[mpegts @ 000001a4bd203d00] Packet corrupt (stream = 0, dts = 3387000).
[in#0/hls @ 000001a4bb31bd40] Packet corrupt (stream = 0, dts = 3384000).
[in#0/hls @ 000001a4bb2c62c0] corrupt input packet in stream 0
[mpegts @ 000001a4bd203d00] Packet corrupt (stream = 0, dts = 3657000).
[in#0/hls @ 000001a4bb31bd40] Packet corrupt (stream = 0, dts = 3654000).
[in#0/hls @ 000001a4bb2c62c0] corrupt input packet in stream 0
[mpegts @ 000001a4bd203d00] Packet corrupt (stream = 0, dts = 3927000).
[in#0/hls @ 000001a4bb31bd40] Packet corrupt (stream = 0, dts = 3924000).
[in#0/hls @ 000001a4bb2c62c0] corrupt input packet in stream 0
[mpegts @ 000001a4bd203d00] Packet corrupt (stream = 0, dts = 4467000).
[in#0/hls @ 000001a4bb31bd40] Packet corrupt (stream = 0, dts = 4464000).
[in#0/hls @ 000001a4bb2c62c0] corrupt input packet in stream 0
[mpegts @ 000001a4bd203d00] Packet corrupt (stream = 0, dts = 4737000).
[in#0/hls @ 000001a4bb31bd40] Packet corrupt (stream = 0, dts = 4734000).
[in#0/hls @ 000001a4bb2c62c0] corrupt input packet in stream 0
[mpegts @ 000001a4bd203d00] Packet corrupt (stream = 0, dts = 5007000).
[in#0/hls @ 000001a4bb31bd40] Packet corrupt (stream = 0, dts = 5004000).
[in#0/hls @ 000001a4bb2c62c0] corrupt input packet in stream 0
[mpegts @ 000001a4bd203d00] Packet corrupt (stream = 0, dts = 5277000).
[in#0/hls @ 000001a4bb31bd40] Packet corrupt (stream = 0, dts = 5274000).
[in#0/hls @ 000001a4bb2c62c0] corrupt input packet in stream 0
[mpegts @ 000001a4bd203d00] Packet corrupt (stream = 0, dts = 5547000).
[in#0/hls @ 000001a4bb31bd40] Packet corrupt (stream = 0, dts = 5544000).
[in#0/hls @ 000001a4bb2c62c0] corrupt input packet in stream 0
[mpegts @ 000001a4bd203d00] Packet corrupt (stream = 0, dts = 5817000).
[in#0/hls @ 000001a4bb31bd40] Packet corrupt (stream = 0, dts = 5814000).
[in#0/hls @ 000001a4bb2c62c0] corrupt input packet in stream 0
[mpegts @ 000001a4bd203d00] Packet corrupt (stream = 0, dts = 6087000).
[in#0/hls @ 000001a4bb31bd40] Packet corrupt (stream = 0, dts = 6084000).
[in#0/hls @ 000001a4bb2c62c0] corrupt input packet in stream 0
[mpegts @ 000001a4bd203d00] Packet corrupt (stream = 0, dts = 6357000).
[in#0/hls @ 000001a4bb31bd40] Packet corrupt (stream = 0, dts = 6354000).
[in#0/hls @ 000001a4bb2c62c0] corrupt input packet in stream 0
[mpegts @ 000001a4bd203d00] Packet corrupt (stream = 0, dts = 6627000).
[in#0/hls @ 000001a4bb31bd40] Packet corrupt (stream = 0, dts = 6624000).
[in#0/hls @ 000001a4bb2c62c0] corrupt input packet in stream 0
[mpegts @ 000001a4bd203d00] Packet corrupt (stream = 0, dts = 6897000).
[in#0/hls @ 000001a4bb31bd40] Packet corrupt (stream = 0, dts = 6894000).
[in#0/hls @ 000001a4bb2c62c0] corrupt input packet in stream 0
[mpegts @ 000001a4bd203d00] Packet corrupt (stream = 0, dts = 7167000).
[in#0/hls @ 000001a4bb31bd40] Packet corrupt (stream = 0, dts = 7164000).
[in#0/hls @ 000001a4bb2c62c0] corrupt input packet in stream 0
[mpegts @ 000001a4bd203d00] Packet corrupt (stream = 0, dts = 7437000).
[in#0/hls @ 000001a4bb31bd40] Packet corrupt (stream = 0, dts = 7434000).
[in#0/hls @ 000001a4bb2c62c0] corrupt input packet in stream 0
[mpegts @ 000001a4bd203d00] Packet corrupt (stream = 0, dts = 7707000).
[in#0/hls @ 000001a4bb31bd40] Packet corrupt (stream = 0, dts = 7704000).
[in#0/hls @ 000001a4bb2c62c0] corrupt input packet in stream 0
[mpegts @ 000001a4bd203d00] Packet corrupt (stream = 0, dts = 7977000).
[in#0/hls @ 000001a4bb31bd40] Packet corrupt (stream = 0, dts = 7974000).
[in#0/hls @ 000001a4bb2c62c0] corrupt input packet in stream 0
[mpegts @ 000001a4bd203d00] Packet corrupt (stream = 0, dts = 8247000).
[in#0/hls @ 000001a4bb31bd40] Packet corrupt (stream = 0, dts = 8244000).
[in#0/hls @ 000001a4bb2c62c0] corrupt input packet in stream 0
[mpegts @ 000001a4bd203d00] Packet corrupt (stream = 0, dts = 8517000).
[in#0/hls @ 000001a4bb31bd40] Packet corrupt (stream = 0, dts = 8514000).
[in#0/hls @ 000001a4bb2c62c0] corrupt input packet in stream 0
[mpegts @ 000001a4bd203d00] Packet corrupt (stream = 0, dts = 8787000).
[in#0/hls @ 000001a4bb31bd40] Packet corrupt (stream = 0, dts = 8784000).
[in#0/hls @ 000001a4bb2c62c0] corrupt input packet in stream 0
[mpegts @ 000001a4bd203d00] Packet corrupt (stream = 0, dts = 9057000).
[in#0/hls @ 000001a4bb31bd40] Packet corrupt (stream = 0, dts = 9054000).
[in#0/hls @ 000001a4bb2c62c0] corrupt input packet in stream 0
[mpegts @ 000001a4bd203d00] Packet corrupt (stream = 0, dts = 9327000).
[in#0/hls @ 000001a4bb31bd40] Packet corrupt (stream = 0, dts = 9324000).
[in#0/hls @ 000001a4bb2c62c0] corrupt input packet in stream 0
[mpegts @ 000001a4bd203d00] Packet corrupt (stream = 0, dts = 9597000).
[in#0/hls @ 000001a4bb31bd40] Packet corrupt (stream = 0, dts = 9594000).
[in#0/hls @ 000001a4bb2c62c0] corrupt input packet in stream 0
[mpegts @ 000001a4bd203d00] Packet corrupt (stream = 0, dts = 9867000).
[in#0/hls @ 000001a4bb31bd40] Packet corrupt (stream = 0, dts = 9864000).
[in#0/hls @ 000001a4bb2c62c0] corrupt input packet in stream 0
[mpegts @ 000001a4bd203d00] Packet corrupt (stream = 0, dts = 10137000).
[in#0/hls @ 000001a4bb31bd40] Packet corrupt (stream = 0, dts = 10134000).
[in#0/hls @ 000001a4bb2c62c0] corrupt input packet in stream 0
[mpegts @ 000001a4bd203d00] Packet corrupt (stream = 0, dts = 10407000).
[in#0/hls @ 000001a4bb31bd40] Packet corrupt (stream = 0, dts = 10404000).
[in#0/hls @ 000001a4bb2c62c0] corrupt input packet in stream 0
[mpegts @ 000001a4bd203d00] Packet corrupt (stream = 0, dts = 10677000).
[in#0/hls @ 000001a4bb31bd40] Packet corrupt (stream = 0, dts = 10674000).
[in#0/hls @ 000001a4bb2c62c0] corrupt input packet in stream 0
[mpegts @ 000001a4bd203d00] Packet corrupt (stream = 0, dts = 10947000).
[in#0/hls @ 000001a4bb31bd40] Packet corrupt (stream = 0, dts = 10944000).
[in#0/hls @ 000001a4bb2c62c0] corrupt input packet in stream 0
[mpegts @ 000001a4bd203d00] Packet corrupt (stream = 0, dts = 11217000).
[in#0/hls @ 000001a4bb31bd40] Packet corrupt (stream = 0, dts = 11214000).
[in#0/hls @ 000001a4bb2c62c0] corrupt input packet in stream 0
[mpegts @ 000001a4bd203d00] Packet corrupt (stream = 0, dts = 11487000).
[in#0/hls @ 000001a4bb31bd40] Packet corrupt (stream = 0, dts = 11484000).
[in#0/hls @ 000001a4bb2c62c0] corrupt input packet in stream 0
[mpegts @ 000001a4bd203d00] Packet corrupt (stream = 0, dts = 11757000).
[in#0/hls @ 000001a4bb31bd40] Packet corrupt (stream = 0, dts = 11754000).
[in#0/hls @ 000001a4bb2c62c0] corrupt input packet in stream 0
[mpegts @ 000001a4bd203d00] Packet corrupt (stream = 0, dts = 12027000).
[in#0/hls @ 000001a4bb31bd40] Packet corrupt (stream = 0, dts = 12024000).
[in#0/hls @ 000001a4bb2c62c0] corrupt input packet in stream 0
[mpegts @ 000001a4bd203d00] Packet corrupt (stream = 0, dts = 12297000).
[in#0/hls @ 000001a4bb31bd40] Packet corrupt (stream = 0, dts = 12294000).
[in#0/hls @ 000001a4bb2c62c0] corrupt input packet in stream 0
[mpegts @ 000001a4bd203d00] Packet corrupt (stream = 0, dts = 12567000).
[in#0/hls @ 000001a4bb31bd40] Packet corrupt (stream = 0, dts = 12564000).
[in#0/hls @ 000001a4bb2c62c0] corrupt input packet in stream 0
[mpegts @ 000001a4bd203d00] Packet corrupt (stream = 0, dts = 12837000).
[in#0/hls @ 000001a4bb31bd40] Packet corrupt (stream = 0, dts = 12834000).
[in#0/hls @ 000001a4bb2c62c0] corrupt input packet in stream 0
[mpegts @ 000001a4bd203d00] Packet corrupt (stream = 0, dts = 13377000).
[in#0/hls @ 000001a4bb31bd40] Packet corrupt (stream = 0, dts = 13374000).
[in#0/hls @ 000001a4bb2c62c0] corrupt input packet in stream 0
[mpegts @ 000001a4bd203d00] Packet corrupt (stream = 0, dts = 13647000).
[in#0/hls @ 000001a4bb31bd40] Packet corrupt (stream = 0, dts = 13644000).
[in#0/hls @ 000001a4bb2c62c0] corrupt input packet in stream 0
[mpegts @ 000001a4bd203d00] Packet corrupt (stream = 0, dts = 13917000).
[in#0/hls @ 000001a4bb31bd40] Packet corrupt (stream = 0, dts = 13914000).
[in#0/hls @ 000001a4bb2c62c0] corrupt input packet in stream 0
[mpegts @ 000001a4bd203d00] Packet corrupt (stream = 0, dts = 14187000).
[in#0/hls @ 000001a4bb31bd40] Packet corrupt (stream = 0, dts = 14184000).
[in#0/hls @ 000001a4bb2c62c0] corrupt input packet in stream 0
[mpegts @ 000001a4bd203d00] Packet corrupt (stream = 0, dts = 14457000).
[in#0/hls @ 000001a4bb31bd40] Packet corrupt (stream = 0, dts = 14454000).
[in#0/hls @ 000001a4bb2c62c0] corrupt input packet in stream 0
[mpegts @ 000001a4bd203d00] Packet corrupt (stream = 0, dts = 14727000).
[in#0/hls @ 000001a4bb31bd40] Packet corrupt (stream = 0, dts = 14724000).
[in#0/hls @ 000001a4bb2c62c0] corrupt input packet in stream 0
[mpegts @ 000001a4bd203d00] Packet corrupt (stream = 0, dts = 14997000).
[in#0/hls @ 000001a4bb31bd40] Packet corrupt (stream = 0, dts = 14994000).
[in#0/hls @ 000001a4bb2c62c0] corrupt input packet in stream 0
[mpegts @ 000001a4bd203d00] Packet corrupt (stream = 0, dts = 15267000).
[in#0/hls @ 000001a4bb31bd40] Packet corrupt (stream = 0, dts = 15264000).
[in#0/hls @ 000001a4bb2c62c0] corrupt input packet in stream 0
[mpegts @ 000001a4bd203d00] Packet corrupt (stream = 0, dts = 15807000).
[in#0/hls @ 000001a4bb31bd40] Packet corrupt (stream = 0, dts = 15804000).
[in#0/hls @ 000001a4bb2c62c0] corrupt input packet in stream 0
[mpegts @ 000001a4bd203d00] Packet corrupt (stream = 0, dts = 16068000).
[in#0/hls @ 000001a4bb31bd40] Packet corrupt (stream = 0, dts = 16065000).
[in#0/hls @ 000001a4bb2c62c0] corrupt input packet in stream 0
[mpegts @ 000001a4bd203d00] Packet corrupt (stream = 0, dts = 16338000).
[in#0/hls @ 000001a4bb31bd40] Packet corrupt (stream = 0, dts = 16335000).
[in#0/hls @ 000001a4bb2c62c0] corrupt input packet in stream 0
[mpegts @ 000001a4bd203d00] Packet corrupt (stream = 0, dts = 16608000).
[in#0/hls @ 000001a4bb31bd40] Packet corrupt (stream = 0, dts = 16605000).
[in#0/hls @ 000001a4bb2c62c0] corrupt input packet in stream 0
[mpegts @ 000001a4bd203d00] Packet corrupt (stream = 0, dts = 16878000).
[in#0/hls @ 000001a4bb31bd40] Packet corrupt (stream = 0, dts = 16875000).
[in#0/hls @ 000001a4bb2c62c0] corrupt input packet in stream 0
[mpegts @ 000001a4bd203d00] Packet corrupt (stream = 0, dts = 17148000).
[in#0/hls @ 000001a4bb31bd40] Packet corrupt (stream = 0, dts = 17145000).
[in#0/hls @ 000001a4bb2c62c0] corrupt input packet in stream 0
[mpegts @ 000001a4bd203d00] Packet corrupt (stream = 0, dts = 17688000).
[in#0/hls @ 000001a4bb31bd40] Packet corrupt (stream = 0, dts = 17685000).
[in#0/hls @ 000001a4bb2c62c0] corrupt input packet in stream 0
[mpegts @ 000001a4bd203d00] Packet corrupt (stream = 0, dts = 17958000).
[in#0/hls @ 000001a4bb31bd40] Packet corrupt (stream = 0, dts = 17955000).
[in#0/hls @ 000001a4bb2c62c0] corrupt input packet in stream 0
[mpegts @ 000001a4bd203d00] Packet corrupt (stream = 0, dts = 18228000).
[in#0/hls @ 000001a4bb31bd40] Packet corrupt (stream = 0, dts = 18225000).
[in#0/hls @ 000001a4bb2c62c0] corrupt input packet in stream 0
[mpegts @ 000001a4bd203d00] Packet corrupt (stream = 0, dts = 18498000).
[in#0/hls @ 000001a4bb31bd40] Packet corrupt (stream = 0, dts = 18495000).
[in#0/hls @ 000001a4bb2c62c0] corrupt input packet in stream 0
[mpegts @ 000001a4bd203d00] Packet corrupt (stream = 0, dts = 18768000).
[in#0/hls @ 000001a4bb31bd40] Packet corrupt (stream = 0, dts = 18765000).
[in#0/hls @ 000001a4bb2c62c0] corrupt input packet in stream 0
[mpegts @ 000001a4bd203d00] Packet corrupt (stream = 0, dts = 19038000).
[in#0/hls @ 000001a4bb31bd40] Packet corrupt (stream = 0, dts = 19035000).
[in#0/hls @ 000001a4bb2c62c0] corrupt input packet in stream 0
[mpegts @ 000001a4bd203d00] Packet corrupt (stream = 0, dts = 19308000).
[in#0/hls @ 000001a4bb31bd40] Packet corrupt (stream = 0, dts = 19305000).
[in#0/hls @ 000001a4bb2c62c0] corrupt input packet in stream 0
[mpegts @ 000001a4bd203d00] Packet corrupt (stream = 0, dts = 19578000).
[in#0/hls @ 000001a4bb31bd40] Packet corrupt (stream = 0, dts = 19575000).
[in#0/hls @ 000001a4bb2c62c0] corrupt input packet in stream 0
[mpegts @ 000001a4bd203d00] Packet corrupt (stream = 0, dts = 19848000).
[in#0/hls @ 000001a4bb31bd40] Packet corrupt (stream = 0, dts = 19845000).
[in#0/hls @ 000001a4bb2c62c0] corrupt input packet in stream 0
[mpegts @ 000001a4bd203d00] Packet corrupt (stream = 0, dts = 20118000).
[in#0/hls @ 000001a4bb31bd40] Packet corrupt (stream = 0, dts = 20115000).
[in#0/hls @ 000001a4bb2c62c0] corrupt input packet in stream 0
[mpegts @ 000001a4bd203d00] Packet corrupt (stream = 0, dts = 20388000).
[in#0/hls @ 000001a4bb31bd40] Packet corrupt (stream = 0, dts = 20385000).
[in#0/hls @ 000001a4bb2c62c0] corrupt input packet in stream 0
[mpegts @ 000001a4bd203d00] Packet corrupt (stream = 0, dts = 20658000).
[in#0/hls @ 000001a4bb31bd40] Packet corrupt (stream = 0, dts = 20655000).
[in#0/hls @ 000001a4bb2c62c0] corrupt input packet in stream 0
[mpegts @ 000001a4bd203d00] Packet corrupt (stream = 0, dts = 20928000).
[in#0/hls @ 000001a4bb31bd40] Packet corrupt (stream = 0, dts = 20925000).
[in#0/hls @ 000001a4bb2c62c0] corrupt input packet in stream 0
[mpegts @ 000001a4bd203d00] Packet corrupt (stream = 0, dts = 21198000).
[in#0/hls @ 000001a4bb31bd40] Packet corrupt (stream = 0, dts = 21195000).
[in#0/hls @ 000001a4bb2c62c0] corrupt input packet in stream 0
[mpegts @ 000001a4bd203d00] Packet corrupt (stream = 0, dts = 21468000).
[in#0/hls @ 000001a4bb31bd40] Packet corrupt (stream = 0, dts = 21465000).
[in#0/hls @ 000001a4bb2c62c0] corrupt input packet in stream 0
[mpegts @ 000001a4bd203d00] Packet corrupt (stream = 0, dts = 22026000).
[in#0/hls @ 000001a4bb31bd40] Packet corrupt (stream = 0, dts = 22023000).
[in#0/hls @ 000001a4bb2c62c0] corrupt input packet in stream 0
[mpegts @ 000001a4bd203d00] Packet corrupt (stream = 0, dts = 22296000).
[in#0/hls @ 000001a4bb31bd40] Packet corrupt (stream = 0, dts = 22293000).
[in#0/hls @ 000001a4bb2c62c0] corrupt input packet in stream 0
[mpegts @ 000001a4bd203d00] Packet corrupt (stream = 0, dts = 22566000).
[in#0/hls @ 000001a4bb31bd40] Packet corrupt (stream = 0, dts = 22563000).
[in#0/hls @ 000001a4bb2c62c0] corrupt input packet in stream 0
[mpegts @ 000001a4bd203d00] Packet corrupt (stream = 0, dts = 22836000).
[in#0/hls @ 000001a4bb31bd40] Packet corrupt (stream = 0, dts = 22833000).
[in#0/hls @ 000001a4bb2c62c0] corrupt input packet in stream 0
[mpegts @ 000001a4bd203d00] Packet corrupt (stream = 0, dts = 23106000).
[in#0/hls @ 000001a4bb31bd40] Packet corrupt (stream = 0, dts = 23103000).
[in#0/hls @ 000001a4bb2c62c0] corrupt input packet in stream 0
[mpegts @ 000001a4bd203d00] Packet corrupt (stream = 0, dts = 23646000).
[in#0/hls @ 000001a4bb31bd40] Packet corrupt (stream = 0, dts = 23643000).
[in#0/hls @ 000001a4bb2c62c0] corrupt input packet in stream 0
[mpegts @ 000001a4bd203d00] Packet corrupt (stream = 0, dts = 23916000).
[in#0/hls @ 000001a4bb31bd40] Packet corrupt (stream = 0, dts = 23913000).
[in#0/hls @ 000001a4bb2c62c0] corrupt input packet in stream 0
[mpegts @ 000001a4bd203d00] Packet corrupt (stream = 0, dts = 24186000).
[in#0/hls @ 000001a4bb31bd40] Packet corrupt (stream = 0, dts = 24183000).
[in#0/hls @ 000001a4bb2c62c0] corrupt input packet in stream 0
[mpegts @ 000001a4bd203d00] Packet corrupt (stream = 0, dts = 24456000).
[in#0/hls @ 000001a4bb31bd40] Packet corrupt (stream = 0, dts = 24453000).
[in#0/hls @ 000001a4bb2c62c0] corrupt input packet in stream 0
[mpegts @ 000001a4bd203d00] Packet corrupt (stream = 0, dts = 24726000).
[in#0/hls @ 000001a4bb31bd40] Packet corrupt (stream = 0, dts = 24723000).
[in#0/hls @ 000001a4bb2c62c0] corrupt input packet in stream 0
[mpegts @ 000001a4bd203d00] Packet corrupt (stream = 0, dts = 24996000).
[in#0/hls @ 000001a4bb31bd40] Packet corrupt (stream = 0, dts = 24993000).
[in#0/hls @ 000001a4bb2c62c0] corrupt input packet in stream 0
[mpegts @ 000001a4bd203d00] Packet corrupt (stream = 0, dts = 25266000).
[in#0/hls @ 000001a4bb31bd40] Packet corrupt (stream = 0, dts = 25263000).
[in#0/hls @ 000001a4bb2c62c0] corrupt input packet in stream 0
[mpegts @ 000001a4bd203d00] Packet corrupt (stream = 0, dts = 25536000).
[in#0/hls @ 000001a4bb31bd40] Packet corrupt (stream = 0, dts = 25533000).
[in#0/hls @ 000001a4bb2c62c0] corrupt input packet in stream 0
[mpegts @ 000001a4bd203d00] Packet corrupt (stream = 0, dts = 25806000).
[in#0/hls @ 000001a4bb31bd40] Packet corrupt (stream = 0, dts = 25803000).
[in#0/hls @ 000001a4bb2c62c0] corrupt input packet in stream 0
[mpegts @ 000001a4bd203d00] Packet corrupt (stream = 0, dts = 26076000).
[in#0/hls @ 000001a4bb31bd40] Packet corrupt (stream = 0, dts = 26073000).
[in#0/hls @ 000001a4bb2c62c0] corrupt input packet in stream 0
[mpegts @ 000001a4bd203d00] Packet corrupt (stream = 0, dts = 26313000).
[in#0/hls @ 000001a4bb31bd40] Packet corrupt (stream = 0, dts = 26310000).
[in#0/hls @ 000001a4bb2c62c0] corrupt input packet in stream 0
[mpegts @ 000001a4bd203d00] Packet corrupt (stream = 0, dts = 26583000).
[in#0/hls @ 000001a4bb31bd40] Packet corrupt (stream = 0, dts = 26580000).
[in#0/hls @ 000001a4bb2c62c0] corrupt input packet in stream 0
[mpegts @ 000001a4bd203d00] Packet corrupt (stream = 0, dts = 26853000).
[in#0/hls @ 000001a4bb31bd40] Packet corrupt (stream = 0, dts = 26850000).
[in#0/hls @ 000001a4bb2c62c0] corrupt input packet in stream 0
[mpegts @ 000001a4bd203d00] Packet corrupt (stream = 0, dts = 27123000).
[in#0/hls @ 000001a4bb31bd40] Packet corrupt (stream = 0, dts = 27120000).
[in#0/hls @ 000001a4bb2c62c0] corrupt input packet in stream 0
[mpegts @ 000001a4bd203d00] Packet corrupt (stream = 0, dts = 27393000).
[in#0/hls @ 000001a4bb31bd40] Packet corrupt (stream = 0, dts = 27390000).
[in#0/hls @ 000001a4bb2c62c0] corrupt input packet in stream 0
[mpegts @ 000001a4bd203d00] Packet corrupt (stream = 0, dts = 27663000).
[in#0/hls @ 000001a4bb31bd40] Packet corrupt (stream = 0, dts = 27660000).
[in#0/hls @ 000001a4bb2c62c0] corrupt input packet in stream 0
[mpegts @ 000001a4bd203d00] Packet corrupt (stream = 0, dts = 27933000).
[in#0/hls @ 000001a4bb31bd40] Packet corrupt (stream = 0, dts = 27930000).
[in#0/hls @ 000001a4bb2c62c0] corrupt input packet in stream 0
[mpegts @ 000001a4bd203d00] Packet corrupt (stream = 0, dts = 28203000).
[in#0/hls @ 000001a4bb31bd40] Packet corrupt (stream = 0, dts = 28200000).
[in#0/hls @ 000001a4bb2c62c0] corrupt input packet in stream 0
[mpegts @ 000001a4bd203d00] Packet corrupt (stream = 0, dts = 28473000).
[in#0/hls @ 000001a4bb31bd40] Packet corrupt (stream = 0, dts = 28470000).
[in#0/hls @ 000001a4bb2c62c0] corrupt input packet in stream 0
[mpegts @ 000001a4bd203d00] Packet corrupt (stream = 0, dts = 28743000).
[in#0/hls @ 000001a4bb31bd40] Packet corrupt (stream = 0, dts = 28740000).
[in#0/hls @ 000001a4bb2c62c0] corrupt input packet in stream 0
[mpegts @ 000001a4bd203d00] Packet corrupt (stream = 0, dts = 29013000).
[in#0/hls @ 000001a4bb31bd40] Packet corrupt (stream = 0, dts = 29010000).
[in#0/hls @ 000001a4bb2c62c0] corrupt input packet in stream 0
[mpegts @ 000001a4bd203d00] Packet corrupt (stream = 0, dts = 29283000).
[in#0/hls @ 000001a4bb31bd40] Packet corrupt (stream = 0, dts = 29280000).
[in#0/hls @ 000001a4bb2c62c0] corrupt input packet in stream 0
[mpegts @ 000001a4bd203d00] Packet corrupt (stream = 0, dts = 29553000).
[in#0/hls @ 000001a4bb31bd40] Packet corrupt (stream = 0, dts = 29550000).
[in#0/hls @ 000001a4bb2c62c0] corrupt input packet in stream 0
[mpegts @ 000001a4bd203d00] Packet corrupt (stream = 0, dts = 29823000).
[in#0/hls @ 000001a4bb31bd40] Packet corrupt (stream = 0, dts = 29820000).
[in#0/hls @ 000001a4bb2c62c0] corrupt input packet in stream 0
[mpegts @ 000001a4bd203d00] Packet corrupt (stream = 0, dts = 30093000).
[in#0/hls @ 000001a4bb31bd40] Packet corrupt (stream = 0, dts = 30090000).
[in#0/hls @ 000001a4bb2c62c0] corrupt input packet in stream 0
[mpegts @ 000001a4bd203d00] Packet corrupt (stream = 0, dts = 30642000).
[in#0/hls @ 000001a4bb31bd40] Packet corrupt (stream = 0, dts = 30639000).
[in#0/hls @ 000001a4bb2c62c0] corrupt input packet in stream 0
[mpegts @ 000001a4bd203d00] Packet corrupt (stream = 0, dts = 30912000).
[in#0/hls @ 000001a4bb31bd40] Packet corrupt (stream = 0, dts = 30909000).
[in#0/hls @ 000001a4bb2c62c0] corrupt input packet in stream 0
[mpegts @ 000001a4bd203d00] Packet corrupt (stream = 0, dts = 31182000).
[in#0/hls @ 000001a4bb31bd40] Packet corrupt (stream = 0, dts = 31179000).
[in#0/hls @ 000001a4bb2c62c0] corrupt input packet in stream 0
[mpegts @ 000001a4bd203d00] Packet corrupt (stream = 0, dts = 31452000).
[in#0/hls @ 000001a4bb31bd40] Packet corrupt (stream = 0, dts = 31449000).
[in#0/hls @ 000001a4bb2c62c0] corrupt input packet in stream 0
[mpegts @ 000001a4bd203d00] Packet corrupt (stream = 0, dts = 31722000).
[in#0/hls @ 000001a4bb31bd40] Packet corrupt (stream = 0, dts = 31719000).
[in#0/hls @ 000001a4bb2c62c0] corrupt input packet in stream 0
[mpegts @ 000001a4bd203d00] Packet corrupt (stream = 0, dts = 32262000).
[in#0/hls @ 000001a4bb31bd40] Packet corrupt (stream = 0, dts = 32259000).
[in#0/hls @ 000001a4bb2c62c0] corrupt input packet in stream 0
[mpegts @ 000001a4bd203d00] Packet corrupt (stream = 0, dts = 32532000).
[in#0/hls @ 000001a4bb31bd40] Packet corrupt (stream = 0, dts = 32529000).
[in#0/hls @ 000001a4bb2c62c0] corrupt input packet in stream 0
[mpegts @ 000001a4bd203d00] Packet corrupt (stream = 0, dts = 32802000).
[in#0/hls @ 000001a4bb31bd40] Packet corrupt (stream = 0, dts = 32799000).
[in#0/hls @ 000001a4bb2c62c0] corrupt input packet in stream 0
[mpegts @ 000001a4bd203d00] Packet corrupt (stream = 0, dts = 33072000).
[in#0/hls @ 000001a4bb31bd40] Packet corrupt (stream = 0, dts = 33069000).
[in#0/hls @ 000001a4bb2c62c0] corrupt input packet in stream 0
[mpegts @ 000001a4bd203d00] Packet corrupt (stream = 0, dts = 33342000).
[in#0/hls @ 000001a4bb31bd40] Packet corrupt (stream = 0, dts = 33339000).
[in#0/hls @ 000001a4bb2c62c0] corrupt input packet in stream 0
[mpegts @ 000001a4bd203d00] Packet corrupt (stream = 0, dts = 33882000).
[in#0/hls @ 000001a4bb31bd40] Packet corrupt (stream = 0, dts = 33879000).
[in#0/hls @ 000001a4bb2c62c0] corrupt input packet in stream 0
[mpegts @ 000001a4bd203d00] Packet corrupt (stream = 0, dts = 34152000).
[in#0/hls @ 000001a4bb31bd40] Packet corrupt (stream = 0, dts = 34149000).
[in#0/hls @ 000001a4bb2c62c0] corrupt input packet in stream 0
[mpegts @ 000001a4bd203d00] Packet corrupt (stream = 0, dts = 34692000).
[in#0/hls @ 000001a4bb31bd40] Packet corrupt (stream = 0, dts = 34689000).
[in#0/hls @ 000001a4bb2c62c0] corrupt input packet in stream 0
[mpegts @ 000001a4bd203d00] Packet corrupt (stream = 0, dts = 34962000).
[in#0/hls @ 000001a4bb31bd40] Packet corrupt (stream = 0, dts = 34959000).
[in#0/hls @ 000001a4bb2c62c0] corrupt input packet in stream 0
[mpegts @ 000001a4bd203d00] Packet corrupt (stream = 0, dts = 35520000).
[in#0/hls @ 000001a4bb31bd40] Packet corrupt (stream = 0, dts = 35517000).
[in#0/hls @ 000001a4bb2c62c0] corrupt input packet in stream 0
[mpegts @ 000001a4bd203d00] Packet corrupt (stream = 0, dts = 35790000).
[in#0/hls @ 000001a4bb31bd40] Packet corrupt (stream = 0, dts = 35787000).
[in#0/hls @ 000001a4bb2c62c0] corrupt input packet in stream 0
[mpegts @ 000001a4bd203d00] Packet corrupt (stream = 0, dts = 36060000).
[in#0/hls @ 000001a4bb31bd40] Packet corrupt (stream = 0, dts = 36057000).
[in#0/hls @ 000001a4bb2c62c0] corrupt input packet in stream 0
[mpegts @ 000001a4bd203d00] Packet corrupt (stream = 0, dts = 36330000).
[in#0/hls @ 000001a4bb31bd40] Packet corrupt (stream = 0, dts = 36327000).
[in#0/hls @ 000001a4bb2c62c0] corrupt input packet in stream 0
[mpegts @ 000001a4bd203d00] Packet corrupt (stream = 0, dts = 36600000).
[in#0/hls @ 000001a4bb31bd40] Packet corrupt (stream = 0, dts = 36597000).
[in#0/hls @ 000001a4bb2c62c0] corrupt input packet in stream 0
[mpegts @ 000001a4bd203d00] Packet corrupt (stream = 0, dts = 36846000).
[in#0/hls @ 000001a4bb31bd40] Packet corrupt (stream = 0, dts = 36843000).
[in#0/hls @ 000001a4bb2c62c0] corrupt input packet in stream 0
[mpegts @ 000001a4bd203d00] Packet corrupt (stream = 0, dts = 37116000).
[in#0/hls @ 000001a4bb31bd40] Packet corrupt (stream = 0, dts = 37113000).
[in#0/hls @ 000001a4bb2c62c0] corrupt input packet in stream 0
[mpegts @ 000001a4bd203d00] Packet corrupt (stream = 0, dts = 37386000).
[in#0/hls @ 000001a4bb31bd40] Packet corrupt (stream = 0, dts = 37383000).
[in#0/hls @ 000001a4bb2c62c0] corrupt input packet in stream 0
[mpegts @ 000001a4bd203d00] Packet corrupt (stream = 0, dts = 37656000).
[in#0/hls @ 000001a4bb31bd40] Packet corrupt (stream = 0, dts = 37653000).
[in#0/hls @ 000001a4bb2c62c0] corrupt input packet in stream 0
[mpegts @ 000001a4bd203d00] Packet corrupt (stream = 0, dts = 37926000).
[in#0/hls @ 000001a4bb31bd40] Packet corrupt (stream = 0, dts = 37923000).
[in#0/hls @ 000001a4bb2c62c0] corrupt input packet in stream 0
[mpegts @ 000001a4bd203d00] Packet corrupt (stream = 0, dts = 38214000).
[in#0/hls @ 000001a4bb31bd40] Packet corrupt (stream = 0, dts = 38211000).
[in#0/hls @ 000001a4bb2c62c0] corrupt input packet in stream 0
[https @ 000001a4bd3a1fc0] Error reading HTTP response: End of file
[mpegts @ 000001a4bd203d00] Packet corrupt (stream = 0, dts = 38484000).
[in#0/hls @ 000001a4bb31bd40] Packet corrupt (stream = 0, dts = 38481000).
[in#0/hls @ 000001a4bb2c62c0] corrupt input packet in stream 0
[mpegts @ 000001a4bd203d00] Packet corrupt (stream = 0, dts = 38754000).
[in#0/hls @ 000001a4bb31bd40] Packet corrupt (stream = 0, dts = 38751000).
[in#0/hls @ 000001a4bb2c62c0] corrupt input packet in stream 0
[mpegts @ 000001a4bd203d00] Packet corrupt (stream = 0, dts = 39024000).
[in#0/hls @ 000001a4bb31bd40] Packet corrupt (stream = 0, dts = 39021000).
[in#0/hls @ 000001a4bb2c62c0] corrupt input packet in stream 0
[https @ 000001a4bb33e500] Error reading HTTP response: End of file
[mpegts @ 000001a4bd203d00] Packet corrupt (stream = 0, dts = 39294000).
[in#0/hls @ 000001a4bb31bd40] Packet corrupt (stream = 0, dts = 39291000).
[in#0/hls @ 000001a4bb2c62c0] corrupt input packet in stream 0
[mpegts @ 000001a4bd203d00] Packet corrupt (stream = 0, dts = 39564000).
[in#0/hls @ 000001a4bb31bd40] Packet corrupt (stream = 0, dts = 39561000).
[in#0/hls @ 000001a4bb2c62c0] corrupt input packet in stream 0
[mpegts @ 000001a4bd203d00] Packet corrupt (stream = 0, dts = 39834000).
[in#0/hls @ 000001a4bb31bd40] Packet corrupt (stream = 0, dts = 39831000).
[in#0/hls @ 000001a4bb2c62c0] corrupt input packet in stream 0
[mpegts @ 000001a4bd203d00] Packet corrupt (stream = 0, dts = 40104000).
[in#0/hls @ 000001a4bb31bd40] Packet corrupt (stream = 0, dts = 40101000).
[in#0/hls @ 000001a4bb2c62c0] corrupt input packet in stream 0
[mpegts @ 000001a4bd203d00] Packet corrupt (stream = 0, dts = 40374000).
[in#0/hls @ 000001a4bb31bd40] Packet corrupt (stream = 0, dts = 40371000).
[in#0/hls @ 000001a4bb2c62c0] corrupt input packet in stream 0
[mpegts @ 000001a4bd203d00] Packet corrupt (stream = 0, dts = 40644000).
[in#0/hls @ 000001a4bb31bd40] Packet corrupt (stream = 0, dts = 40641000).
[in#0/hls @ 000001a4bb2c62c0] corrupt input packet in stream 0
[mpegts @ 000001a4bd203d00] Packet corrupt (stream = 0, dts = 40914000).
[in#0/hls @ 000001a4bb31bd40] Packet corrupt (stream = 0, dts = 40911000).
[in#0/hls @ 000001a4bb2c62c0] corrupt input packet in stream 0
[mpegts @ 000001a4bd203d00] Packet corrupt (stream = 0, dts = 41184000).
[in#0/hls @ 000001a4bb31bd40] Packet corrupt (stream = 0, dts = 41181000).
[in#0/hls @ 000001a4bb2c62c0] corrupt input packet in stream 0
[mpegts @ 000001a4bd203d00] Packet corrupt (stream = 0, dts = 41454000).
[in#0/hls @ 000001a4bb31bd40] Packet corrupt (stream = 0, dts = 41451000).
[in#0/hls @ 000001a4bb2c62c0] corrupt input packet in stream 0
[mpegts @ 000001a4bd203d00] Packet corrupt (stream = 0, dts = 41724000).
[in#0/hls @ 000001a4bb31bd40] Packet corrupt (stream = 0, dts = 41721000).
[in#0/hls @ 000001a4bb2c62c0] corrupt input packet in stream 0
[mpegts @ 000001a4bd203d00] Packet corrupt (stream = 0, dts = 41994000).
[in#0/hls @ 000001a4bb31bd40] Packet corrupt (stream = 0, dts = 41991000).
[in#0/hls @ 000001a4bb2c62c0] corrupt input packet in stream 0
[mpegts @ 000001a4bd203d00] Packet corrupt (stream = 0, dts = 42264000).
[in#0/hls @ 000001a4bb31bd40] Packet corrupt (stream = 0, dts = 42261000).
[in#0/hls @ 000001a4bb2c62c0] corrupt input packet in stream 0
[mpegts @ 000001a4bd203d00] Packet corrupt (stream = 0, dts = 42534000).
[in#0/hls @ 000001a4bb31bd40] Packet corrupt (stream = 0, dts = 42531000).
[in#0/hls @ 000001a4bb2c62c0] corrupt input packet in stream 0
[mpegts @ 000001a4bd203d00] Packet corrupt (stream = 0, dts = 42804000).
[in#0/hls @ 000001a4bb31bd40] Packet corrupt (stream = 0, dts = 42801000).
[in#0/hls @ 000001a4bb2c62c0] corrupt input packet in stream 0
[mpegts @ 000001a4bd203d00] Packet corrupt (stream = 0, dts = 43074000).
[in#0/hls @ 000001a4bb31bd40] Packet corrupt (stream = 0, dts = 43071000).
[in#0/hls @ 000001a4bb2c62c0] corrupt input packet in stream 0
[mpegts @ 000001a4bd203d00] Packet corrupt (stream = 0, dts = 43344000).
[in#0/hls @ 000001a4bb31bd40] Packet corrupt (stream = 0, dts = 43341000).
[in#0/hls @ 000001a4bb2c62c0] corrupt input packet in stream 0
[mpegts @ 000001a4bd203d00] Packet corrupt (stream = 0, dts = 43614000).
[in#0/hls @ 000001a4bb31bd40] Packet corrupt (stream = 0, dts = 43611000).
[in#0/hls @ 000001a4bb2c62c0] corrupt input packet in stream 0
[mpegts @ 000001a4bd203d00] Packet corrupt (stream = 0, dts = 43866000).
[in#0/hls @ 000001a4bb31bd40] Packet corrupt (stream = 0, dts = 43863000).
[in#0/hls @ 000001a4bb2c62c0] corrupt input packet in stream 0
[mpegts @ 000001a4bd203d00] Packet corrupt (stream = 0, dts = 44136000).
[in#0/hls @ 000001a4bb31bd40] Packet corrupt (stream = 0, dts = 44133000).
[in#0/hls @ 000001a4bb2c62c0] corrupt input packet in stream 0
[mpegts @ 000001a4bd203d00] Packet corrupt (stream = 0, dts = 44406000).
[in#0/hls @ 000001a4bb31bd40] Packet corrupt (stream = 0, dts = 44403000).
[in#0/hls @ 000001a4bb2c62c0] corrupt input packet in stream 0
[mpegts @ 000001a4bd203d00] Packet corrupt (stream = 0, dts = 44676000).
[in#0/hls @ 000001a4bb31bd40] Packet corrupt (stream = 0, dts = 44673000).
[in#0/hls @ 000001a4bb2c62c0] corrupt input packet in stream 0
[mpegts @ 000001a4bd203d00] Packet corrupt (stream = 0, dts = 44946000).
[in#0/hls @ 000001a4bb31bd40] Packet corrupt (stream = 0, dts = 44943000).
[in#0/hls @ 000001a4bb2c62c0] corrupt input packet in stream 0
[mpegts @ 000001a4bd203d00] Packet corrupt (stream = 0, dts = 45486000).
[in#0/hls @ 000001a4bb31bd40] Packet corrupt (stream = 0, dts = 45483000).
[in#0/hls @ 000001a4bb2c62c0] corrupt input packet in stream 0
[mpegts @ 000001a4bd203d00] Packet corrupt (stream = 0, dts = 45756000).
[in#0/hls @ 000001a4bb31bd40] Packet corrupt (stream = 0, dts = 45753000).
[in#0/hls @ 000001a4bb2c62c0] corrupt input packet in stream 0
[mpegts @ 000001a4bd203d00] Packet corrupt (stream = 0, dts = 46026000).
[in#0/hls @ 000001a4bb31bd40] Packet corrupt (stream = 0, dts = 46023000).
[in#0/hls @ 000001a4bb2c62c0] corrupt input packet in stream 0
[mpegts @ 000001a4bd203d00] Packet corrupt (stream = 0, dts = 46296000).
[in#0/hls @ 000001a4bb31bd40] Packet corrupt (stream = 0, dts = 46293000).
[in#0/hls @ 000001a4bb2c62c0] corrupt input packet in stream 0
[mpegts @ 000001a4bd203d00] Packet corrupt (stream = 0, dts = 46566000).
[in#0/hls @ 000001a4bb31bd40] Packet corrupt (stream = 0, dts = 46563000).
[in#0/hls @ 000001a4bb2c62c0] corrupt input packet in stream 0
[mpegts @ 000001a4bd203d00] Packet corrupt (stream = 0, dts = 46836000).
[in#0/hls @ 000001a4bb31bd40] Packet corrupt (stream = 0, dts = 46833000).
[in#0/hls @ 000001a4bb2c62c0] corrupt input packet in stream 0
[mpegts @ 000001a4bd203d00] Packet corrupt (stream = 0, dts = 47106000).
[in#0/hls @ 000001a4bb31bd40] Packet corrupt (stream = 0, dts = 47103000).
[in#0/hls @ 000001a4bb2c62c0] corrupt input packet in stream 0
[mpegts @ 000001a4bd203d00] Packet corrupt (stream = 0, dts = 47376000).
[in#0/hls @ 000001a4bb31bd40] Packet corrupt (stream = 0, dts = 47373000).
[in#0/hls @ 000001a4bb2c62c0] corrupt input packet in stream 0
[mpegts @ 000001a4bd203d00] Packet corrupt (stream = 0, dts = 47646000).
[in#0/hls @ 000001a4bb31bd40] Packet corrupt (stream = 0, dts = 47643000).
[in#0/hls @ 000001a4bb2c62c0] corrupt input packet in stream 0
[mpegts @ 000001a4bd203d00] Packet corrupt (stream = 0, dts = 47916000).
[in#0/hls @ 000001a4bb31bd40] Packet corrupt (stream = 0, dts = 47913000).
[in#0/hls @ 000001a4bb2c62c0] corrupt input packet in stream 0
[mpegts @ 000001a4bd203d00] Packet corrupt (stream = 0, dts = 48186000).
[in#0/hls @ 000001a4bb31bd40] Packet corrupt (stream = 0, dts = 48183000).
[in#0/hls @ 000001a4bb2c62c0] corrupt input packet in stream 0
[mpegts @ 000001a4bd203d00] Packet corrupt (stream = 0, dts = 48456000).
[in#0/hls @ 000001a4bb31bd40] Packet corrupt (stream = 0, dts = 48453000).
[in#0/hls @ 000001a4bb2c62c0] corrupt input packet in stream 0
[mpegts @ 000001a4bd203d00] Packet corrupt (stream = 0, dts = 48726000).
[in#0/hls @ 000001a4bb31bd40] Packet corrupt (stream = 0, dts = 48723000).
[in#0/hls @ 000001a4bb2c62c0] corrupt input packet in stream 0
[mpegts @ 000001a4bd203d00] Packet corrupt (stream = 0, dts = 49266000).
[in#0/hls @ 000001a4bb31bd40] Packet corrupt (stream = 0, dts = 49263000).
[in#0/hls @ 000001a4bb2c62c0] corrupt input packet in stream 0
[mpegts @ 000001a4bd203d00] Packet corrupt (stream = 0, dts = 49536000).
[in#0/hls @ 000001a4bb31bd40] Packet corrupt (stream = 0, dts = 49533000).
[in#0/hls @ 000001a4bb2c62c0] corrupt input packet in stream 0
[mpegts @ 000001a4bd203d00] Packet corrupt (stream = 0, dts = 49806000).
[in#0/hls @ 000001a4bb31bd40] Packet corrupt (stream = 0, dts = 49803000).
[in#0/hls @ 000001a4bb2c62c0] corrupt input packet in stream 0
[mpegts @ 000001a4bd203d00] Packet corrupt (stream = 0, dts = 50076000).
[in#0/hls @ 000001a4bb31bd40] Packet corrupt (stream = 0, dts = 50073000).
[in#0/hls @ 000001a4bb2c62c0] corrupt input packet in stream 0
[mpegts @ 000001a4bd203d00] Packet corrupt (stream = 0, dts = 50346000).
[in#0/hls @ 000001a4bb31bd40] Packet corrupt (stream = 0, dts = 50343000).
[in#0/hls @ 000001a4bb2c62c0] corrupt input packet in stream 0
[mpegts @ 000001a4bd203d00] Packet corrupt (stream = 0, dts = 50616000).
[in#0/hls @ 000001a4bb31bd40] Packet corrupt (stream = 0, dts = 50613000).
[in#0/hls @ 000001a4bb2c62c0] corrupt input packet in stream 0
[mpegts @ 000001a4bd203d00] Packet corrupt (stream = 0, dts = 51426000).
[in#0/hls @ 000001a4bb31bd40] Packet corrupt (stream = 0, dts = 51423000).
[in#0/hls @ 000001a4bb2c62c0] corrupt input packet in stream 0
[mpegts @ 000001a4bd203d00] Packet corrupt (stream = 0, dts = 51696000).
[in#0/hls @ 000001a4bb31bd40] Packet corrupt (stream = 0, dts = 51693000).
[in#0/hls @ 000001a4bb2c62c0] corrupt input packet in stream 0
[mpegts @ 000001a4bd203d00] Packet corrupt (stream = 0, dts = 51960000).
[in#0/hls @ 000001a4bb31bd40] Packet corrupt (stream = 0, dts = 51957000).
[in#0/hls @ 000001a4bb2c62c0] corrupt input packet in stream 0
[mpegts @ 000001a4bd203d00] Packet corrupt (stream = 0, dts = 52230000).
[in#0/hls @ 000001a4bb31bd40] Packet corrupt (stream = 0, dts = 52227000).
[in#0/hls @ 000001a4bb2c62c0] corrupt input packet in stream 0
[mpegts @ 000001a4bd203d00] Packet corrupt (stream = 0, dts = 52500000).
[in#0/hls @ 000001a4bb31bd40] Packet corrupt (stream = 0, dts = 52497000).
[in#0/hls @ 000001a4bb2c62c0] corrupt input packet in stream 0
[mpegts @ 000001a4bd203d00] Packet corrupt (stream = 0, dts = 52770000).
[in#0/hls @ 000001a4bb31bd40] Packet corrupt (stream = 0, dts = 52767000).
[in#0/hls @ 000001a4bb2c62c0] corrupt input packet in stream 0
[mpegts @ 000001a4bd203d00] Packet corrupt (stream = 0, dts = 53040000).
[in#0/hls @ 000001a4bb31bd40] Packet corrupt (stream = 0, dts = 53037000).
[in#0/hls @ 000001a4bb2c62c0] corrupt input packet in stream 0
[mpegts @ 000001a4bd203d00] Packet corrupt (stream = 0, dts = 53310000).
[in#0/hls @ 000001a4bb31bd40] Packet corrupt (stream = 0, dts = 53307000).
[in#0/hls @ 000001a4bb2c62c0] corrupt input packet in stream 0
[mpegts @ 000001a4bd203d00] Packet corrupt (stream = 0, dts = 53580000).
[in#0/hls @ 000001a4bb31bd40] Packet corrupt (stream = 0, dts = 53577000).
[in#0/hls @ 000001a4bb2c62c0] corrupt input packet in stream 0
[mpegts @ 000001a4bd203d00] Packet corrupt (stream = 0, dts = 53850000).
[in#0/hls @ 000001a4bb31bd40] Packet corrupt (stream = 0, dts = 53847000).
[in#0/hls @ 000001a4bb2c62c0] corrupt input packet in stream 0
[mpegts @ 000001a4bd203d00] Packet corrupt (stream = 0, dts = 54120000).
[in#0/hls @ 000001a4bb31bd40] Packet corrupt (stream = 0, dts = 54117000).
[in#0/hls @ 000001a4bb2c62c0] corrupt input packet in stream 0
[mpegts @ 000001a4bd203d00] Packet corrupt (stream = 0, dts = 54390000).
[in#0/hls @ 000001a4bb31bd40] Packet corrupt (stream = 0, dts = 54387000).
[in#0/hls @ 000001a4bb2c62c0] corrupt input packet in stream 0
[mpegts @ 000001a4bd203d00] Packet corrupt (stream = 0, dts = 54660000).
[in#0/hls @ 000001a4bb31bd40] Packet corrupt (stream = 0, dts = 54657000).
[in#0/hls @ 000001a4bb2c62c0] corrupt input packet in stream 0
[mpegts @ 000001a4bd203d00] Packet corrupt (stream = 0, dts = 54930000).
[in#0/hls @ 000001a4bb31bd40] Packet corrupt (stream = 0, dts = 54927000).
[in#0/hls @ 000001a4bb2c62c0] corrupt input packet in stream 0
[mpegts @ 000001a4bd203d00] Packet corrupt (stream = 0, dts = 55200000).
[in#0/hls @ 000001a4bb31bd40] Packet corrupt (stream = 0, dts = 55197000).
[in#0/hls @ 000001a4bb2c62c0] corrupt input packet in stream 0
[mpegts @ 000001a4bd203d00] Packet corrupt (stream = 0, dts = 55470000).
[in#0/hls @ 000001a4bb31bd40] Packet corrupt (stream = 0, dts = 55467000).
[in#0/hls @ 000001a4bb2c62c0] corrupt input packet in stream 0
[mpegts @ 000001a4bd203d00] Packet corrupt (stream = 0, dts = 55740000).
[in#0/hls @ 000001a4bb31bd40] Packet corrupt (stream = 0, dts = 55737000).
[in#0/hls @ 000001a4bb2c62c0] corrupt input packet in stream 0
[mpegts @ 000001a4bd203d00] Packet corrupt (stream = 0, dts = 56010000).
[in#0/hls @ 000001a4bb31bd40] Packet corrupt (stream = 0, dts = 56007000).
[in#0/hls @ 000001a4bb2c62c0] corrupt input packet in stream 0
[mpegts @ 000001a4bd203d00] Packet corrupt (stream = 0, dts = 56280000).
[in#0/hls @ 000001a4bb31bd40] Packet corrupt (stream = 0, dts = 56277000).
[in#0/hls @ 000001a4bb2c62c0] corrupt input packet in stream 0
[mpegts @ 000001a4bd203d00] Packet corrupt (stream = 0, dts = 56550000).
[in#0/hls @ 000001a4bb31bd40] Packet corrupt (stream = 0, dts = 56547000).
[in#0/hls @ 000001a4bb2c62c0] corrupt input packet in stream 0
[mpegts @ 000001a4bd203d00] Packet corrupt (stream = 0, dts = 56820000).
[in#0/hls @ 000001a4bb31bd40] Packet corrupt (stream = 0, dts = 56817000).
[in#0/hls @ 000001a4bb2c62c0] corrupt input packet in stream 0
[mpegts @ 000001a4bd203d00] Packet corrupt (stream = 0, dts = 57360000).
[in#0/hls @ 000001a4bb31bd40] Packet corrupt (stream = 0, dts = 57357000).
[in#0/hls @ 000001a4bb2c62c0] corrupt input packet in stream 0
[mpegts @ 000001a4bd203d00] Packet corrupt (stream = 0, dts = 57630000).
[in#0/hls @ 000001a4bb31bd40] Packet corrupt (stream = 0, dts = 57627000).
[in#0/hls @ 000001a4bb2c62c0] corrupt input packet in stream 0
[mpegts @ 000001a4bd203d00] Packet corrupt (stream = 0, dts = 57900000).
[in#0/hls @ 000001a4bb31bd40] Packet corrupt (stream = 0, dts = 57897000).
[in#0/hls @ 000001a4bb2c62c0] corrupt input packet in stream 0
[mpegts @ 000001a4bd203d00] Packet corrupt (stream = 0, dts = 58170000).
[in#0/hls @ 000001a4bb31bd40] Packet corrupt (stream = 0, dts = 58167000).
[in#0/hls @ 000001a4bb2c62c0] corrupt input packet in stream 0
[mpegts @ 000001a4bd203d00] Packet corrupt (stream = 0, dts = 58440000).
[in#0/hls @ 000001a4bb31bd40] Packet corrupt (stream = 0, dts = 58437000).
[in#0/hls @ 000001a4bb2c62c0] corrupt input packet in stream 0
[mpegts @ 000001a4bd203d00] Packet corrupt (stream = 0, dts = 58728000).
[in#0/hls @ 000001a4bb31bd40] Packet corrupt (stream = 0, dts = 58725000).
[in#0/hls @ 000001a4bb2c62c0] corrupt input packet in stream 0
[mpegts @ 000001a4bd203d00] Packet corrupt (stream = 0, dts = 58998000).
[in#0/hls @ 000001a4bb31bd40] Packet corrupt (stream = 0, dts = 58995000).
[in#0/hls @ 000001a4bb2c62c0] corrupt input packet in stream 0
[mpegts @ 000001a4bd203d00] Packet corrupt (stream = 0, dts = 59268000).
[in#0/hls @ 000001a4bb31bd40] Packet corrupt (stream = 0, dts = 59265000).
[in#0/hls @ 000001a4bb2c62c0] corrupt input packet in stream 0
[mpegts @ 000001a4bd203d00] Packet corrupt (stream = 0, dts = 59538000).
[in#0/hls @ 000001a4bb31bd40] Packet corrupt (stream = 0, dts = 59535000).
[in#0/hls @ 000001a4bb2c62c0] corrupt input packet in stream 0
[mpegts @ 000001a4bd203d00] Packet corrupt (stream = 0, dts = 59808000).
[in#0/hls @ 000001a4bb31bd40] Packet corrupt (stream = 0, dts = 59805000).
[in#0/hls @ 000001a4bb2c62c0] corrupt input packet in stream 0
[mpegts @ 000001a4bd203d00] Packet corrupt (stream = 0, dts = 60078000).
[in#0/hls @ 000001a4bb31bd40] Packet corrupt (stream = 0, dts = 60075000).
[in#0/hls @ 000001a4bb2c62c0] corrupt input packet in stream 0
[mpegts @ 000001a4bd203d00] Packet corrupt (stream = 0, dts = 60348000).
[in#0/hls @ 000001a4bb31bd40] Packet corrupt (stream = 0, dts = 60345000).
[in#0/hls @ 000001a4bb2c62c0] corrupt input packet in stream 0
[mpegts @ 000001a4bd203d00] Packet corrupt (stream = 0, dts = 60618000).
[in#0/hls @ 000001a4bb31bd40] Packet corrupt (stream = 0, dts = 60615000).
[in#0/hls @ 000001a4bb2c62c0] corrupt input packet in stream 0
[mpegts @ 000001a4bd203d00] Packet corrupt (stream = 0, dts = 60888000).
[in#0/hls @ 000001a4bb31bd40] Packet corrupt (stream = 0, dts = 60885000).
[in#0/hls @ 000001a4bb2c62c0] corrupt input packet in stream 0
[mpegts @ 000001a4bd203d00] Packet corrupt (stream = 0, dts = 61158000).
[in#0/hls @ 000001a4bb31bd40] Packet corrupt (stream = 0, dts = 61155000).
[in#0/hls @ 000001a4bb2c62c0] corrupt input packet in stream 0
[mpegts @ 000001a4bd203d00] Packet corrupt (stream = 0, dts = 61698000).
[in#0/hls @ 000001a4bb31bd40] Packet corrupt (stream = 0, dts = 61695000).
[in#0/hls @ 000001a4bb2c62c0] corrupt input packet in stream 0
[mpegts @ 000001a4bd203d00] Packet corrupt (stream = 0, dts = 61968000).
[in#0/hls @ 000001a4bb31bd40] Packet corrupt (stream = 0, dts = 61965000).
[in#0/hls @ 000001a4bb2c62c0] corrupt input packet in stream 0
[mpegts @ 000001a4bd203d00] Packet corrupt (stream = 0, dts = 62238000).
[in#0/hls @ 000001a4bb31bd40] Packet corrupt (stream = 0, dts = 62235000).
[in#0/hls @ 000001a4bb2c62c0] corrupt input packet in stream 0
[mpegts @ 000001a4bd203d00] Packet corrupt (stream = 0, dts = 62508000).
[in#0/hls @ 000001a4bb31bd40] Packet corrupt (stream = 0, dts = 62505000).
[in#0/hls @ 000001a4bb2c62c0] corrupt input packet in stream 0
[mpegts @ 000001a4bd203d00] Packet corrupt (stream = 0, dts = 62778000).
[in#0/hls @ 000001a4bb31bd40] Packet corrupt (stream = 0, dts = 62775000).
[in#0/hls @ 000001a4bb2c62c0] corrupt input packet in stream 0
[mpegts @ 000001a4bd203d00] Packet corrupt (stream = 0, dts = 63048000).
[in#0/hls @ 000001a4bb31bd40] Packet corrupt (stream = 0, dts = 63045000).
[in#0/hls @ 000001a4bb2c62c0] corrupt input packet in stream 0
[mpegts @ 000001a4bd203d00] Packet corrupt (stream = 0, dts = 63318000).
[in#0/hls @ 000001a4bb31bd40] Packet corrupt (stream = 0, dts = 63315000).
[in#0/hls @ 000001a4bb2c62c0] corrupt input packet in stream 0
[mpegts @ 000001a4bd203d00] Packet corrupt (stream = 0, dts = 63588000).
[in#0/hls @ 000001a4bb31bd40] Packet corrupt (stream = 0, dts = 63585000).
[in#0/hls @ 000001a4bb2c62c0] corrupt input packet in stream 0
[mpegts @ 000001a4bd203d00] Packet corrupt (stream = 0, dts = 63858000).
[in#0/hls @ 000001a4bb31bd40] Packet corrupt (stream = 0, dts = 63855000).
[in#0/hls @ 000001a4bb2c62c0] corrupt input packet in stream 0
[mpegts @ 000001a4bd203d00] Packet corrupt (stream = 0, dts = 64128000).
[in#0/hls @ 000001a4bb31bd40] Packet corrupt (stream = 0, dts = 64125000).
[in#0/hls @ 000001a4bb2c62c0] corrupt input packet in stream 0
[mpegts @ 000001a4bd203d00] Packet corrupt (stream = 0, dts = 64398000).
[in#0/hls @ 000001a4bb31bd40] Packet corrupt (stream = 0, dts = 64395000).
[in#0/hls @ 000001a4bb2c62c0] corrupt input packet in stream 0
[mpegts @ 000001a4bd203d00] Packet corrupt (stream = 0, dts = 64668000).
[in#0/hls @ 000001a4bb31bd40] Packet corrupt (stream = 0, dts = 64665000).
[in#0/hls @ 000001a4bb2c62c0] corrupt input packet in stream 0
[mpegts @ 000001a4bd203d00] Packet corrupt (stream = 0, dts = 64938000).
[in#0/hls @ 000001a4bb31bd40] Packet corrupt (stream = 0, dts = 64935000).
[in#0/hls @ 000001a4bb2c62c0] corrupt input packet in stream 0
[mpegts @ 000001a4bd203d00] Packet corrupt (stream = 0, dts = 65208000).
[in#0/hls @ 000001a4bb31bd40] Packet corrupt (stream = 0, dts = 65205000).
[in#0/hls @ 000001a4bb2c62c0] corrupt input packet in stream 0
[mpegts @ 000001a4bd203d00] Packet corrupt (stream = 0, dts = 65478000).
[in#0/hls @ 000001a4bb31bd40] Packet corrupt (stream = 0, dts = 65475000).
[in#0/hls @ 000001a4bb2c62c0] corrupt input packet in stream 0
[mpegts @ 000001a4bd203d00] Packet corrupt (stream = 0, dts = 65748000).
[in#0/hls @ 000001a4bb31bd40] Packet corrupt (stream = 0, dts = 65745000).
[in#0/hls @ 000001a4bb2c62c0] corrupt input packet in stream 0
[mpegts @ 000001a4bd203d00] Packet corrupt (stream = 0, dts = 66018000).
[in#0/hls @ 000001a4bb31bd40] Packet corrupt (stream = 0, dts = 66015000).
[in#0/hls @ 000001a4bb2c62c0] corrupt input packet in stream 0
[mpegts @ 000001a4bd203d00] Packet corrupt (stream = 0, dts = 66288000).
[in#0/hls @ 000001a4bb31bd40] Packet corrupt (stream = 0, dts = 66285000).
[in#0/hls @ 000001a4bb2c62c0] corrupt input packet in stream 0
[mpegts @ 000001a4bd203d00] Packet corrupt (stream = 0, dts = 66558000).
[in#0/hls @ 000001a4bb31bd40] Packet corrupt (stream = 0, dts = 66555000).
[in#0/hls @ 000001a4bb2c62c0] corrupt input packet in stream 0
[mpegts @ 000001a4bd203d00] Packet corrupt (stream = 0, dts = 66807000).
[in#0/hls @ 000001a4bb31bd40] Packet corrupt (stream = 0, dts = 66804000).
[in#0/hls @ 000001a4bb2c62c0] corrupt input packet in stream 0
[mpegts @ 000001a4bd203d00] Packet corrupt (stream = 0, dts = 67077000).
[in#0/hls @ 000001a4bb31bd40] Packet corrupt (stream = 0, dts = 67074000).
[in#0/hls @ 000001a4bb2c62c0] corrupt input packet in stream 0
[mpegts @ 000001a4bd203d00] Packet corrupt (stream = 0, dts = 67347000).
[in#0/hls @ 000001a4bb31bd40] Packet corrupt (stream = 0, dts = 67344000).
[in#0/hls @ 000001a4bb2c62c0] corrupt input packet in stream 0
[mpegts @ 000001a4bd203d00] Packet corrupt (stream = 0, dts = 67617000).
[in#0/hls @ 000001a4bb31bd40] Packet corrupt (stream = 0, dts = 67614000).
[in#0/hls @ 000001a4bb2c62c0] corrupt input packet in stream 0
[mpegts @ 000001a4bd203d00] Packet corrupt (stream = 0, dts = 67887000).
[in#0/hls @ 000001a4bb31bd40] Packet corrupt (stream = 0, dts = 67884000).
[in#0/hls @ 000001a4bb2c62c0] corrupt input packet in stream 0
[mpegts @ 000001a4bd203d00] Packet corrupt (stream = 0, dts = 68157000).
[in#0/hls @ 000001a4bb31bd40] Packet corrupt (stream = 0, dts = 68154000).
[in#0/hls @ 000001a4bb2c62c0] corrupt input packet in stream 0
[mpegts @ 000001a4bd203d00] Packet corrupt (stream = 0, dts = 68427000).
[in#0/hls @ 000001a4bb31bd40] Packet corrupt (stream = 0, dts = 68424000).
[in#0/hls @ 000001a4bb2c62c0] corrupt input packet in stream 0
[mpegts @ 000001a4bd203d00] Packet corrupt (stream = 0, dts = 68697000).
[in#0/hls @ 000001a4bb31bd40] Packet corrupt (stream = 0, dts = 68694000).
[in#0/hls @ 000001a4bb2c62c0] corrupt input packet in stream 0
[mpegts @ 000001a4bd203d00] Packet corrupt (stream = 0, dts = 68967000).
[in#0/hls @ 000001a4bb31bd40] Packet corrupt (stream = 0, dts = 68964000).
[in#0/hls @ 000001a4bb2c62c0] corrupt input packet in stream 0
[mpegts @ 000001a4bd203d00] Packet corrupt (stream = 0, dts = 69237000).
[in#0/hls @ 000001a4bb31bd40] Packet corrupt (stream = 0, dts = 69234000).
[in#0/hls @ 000001a4bb2c62c0] corrupt input packet in stream 0
[mpegts @ 000001a4bd203d00] Packet corrupt (stream = 0, dts = 69507000).
[in#0/hls @ 000001a4bb31bd40] Packet corrupt (stream = 0, dts = 69504000).
[in#0/hls @ 000001a4bb2c62c0] corrupt input packet in stream 0
[mpegts @ 000001a4bd203d00] Packet corrupt (stream = 0, dts = 69777000).
[in#0/hls @ 000001a4bb31bd40] Packet corrupt (stream = 0, dts = 69774000).
[in#0/hls @ 000001a4bb2c62c0] corrupt input packet in stream 0
[mpegts @ 000001a4bd203d00] Packet corrupt (stream = 0, dts = 70047000).
[in#0/hls @ 000001a4bb31bd40] Packet corrupt (stream = 0, dts = 70044000).
[in#0/hls @ 000001a4bb2c62c0] corrupt input packet in stream 0
[mpegts @ 000001a4bd203d00] Packet corrupt (stream = 0, dts = 70317000).
[in#0/hls @ 000001a4bb31bd40] Packet corrupt (stream = 0, dts = 70314000).
[in#0/hls @ 000001a4bb2c62c0] corrupt input packet in stream 0
[mpegts @ 000001a4bd203d00] Packet corrupt (stream = 0, dts = 70857000).
[in#0/hls @ 000001a4bb31bd40] Packet corrupt (stream = 0, dts = 70854000).
[in#0/hls @ 000001a4bb2c62c0] corrupt input packet in stream 0
[mpegts @ 000001a4bd203d00] Packet corrupt (stream = 0, dts = 71127000).
[in#0/hls @ 000001a4bb31bd40] Packet corrupt (stream = 0, dts = 71124000).
[in#0/hls @ 000001a4bb2c62c0] corrupt input packet in stream 0
[mpegts @ 000001a4bd203d00] Packet corrupt (stream = 0, dts = 71667000).
[in#0/hls @ 000001a4bb31bd40] Packet corrupt (stream = 0, dts = 71664000).
[in#0/hls @ 000001a4bb2c62c0] corrupt input packet in stream 0
[mpegts @ 000001a4bd203d00] Packet corrupt (stream = 0, dts = 71937000).
[in#0/hls @ 000001a4bb31bd40] Packet corrupt (stream = 0, dts = 71934000).
[in#0/hls @ 000001a4bb2c62c0] corrupt input packet in stream 0
[mpegts @ 000001a4bd203d00] Packet corrupt (stream = 0, dts = 72207000).
[in#0/hls @ 000001a4bb31bd40] Packet corrupt (stream = 0, dts = 72204000).
[in#0/hls @ 000001a4bb2c62c0] corrupt input packet in stream 0
[mpegts @ 000001a4bd203d00] Packet corrupt (stream = 0, dts = 72489000).
[in#0/hls @ 000001a4bb31bd40] Packet corrupt (stream = 0, dts = 72486000).
[in#0/hls @ 000001a4bb2c62c0] corrupt input packet in stream 0
[mpegts @ 000001a4bd203d00] Packet corrupt (stream = 0, dts = 72759000).
[in#0/hls @ 000001a4bb31bd40] Packet corrupt (stream = 0, dts = 72756000).
[in#0/hls @ 000001a4bb2c62c0] corrupt input packet in stream 0
[mpegts @ 000001a4bd203d00] Packet corrupt (stream = 0, dts = 73029000).
[in#0/hls @ 000001a4bb31bd40] Packet corrupt (stream = 0, dts = 73026000).
[in#0/hls @ 000001a4bb2c62c0] corrupt input packet in stream 0
[mpegts @ 000001a4bd203d00] Packet corrupt (stream = 0, dts = 73299000).
[in#0/hls @ 000001a4bb31bd40] Packet corrupt (stream = 0, dts = 73296000).
[in#0/hls @ 000001a4bb2c62c0] corrupt input packet in stream 0
[mpegts @ 000001a4bd203d00] Packet corrupt (stream = 0, dts = 73569000).
[in#0/hls @ 000001a4bb31bd40] Packet corrupt (stream = 0, dts = 73566000).
[in#0/hls @ 000001a4bb2c62c0] corrupt input packet in stream 0
[mpegts @ 000001a4bd203d00] Packet corrupt (stream = 0, dts = 73839000).
[in#0/hls @ 000001a4bb31bd40] Packet corrupt (stream = 0, dts = 73836000).
[in#0/hls @ 000001a4bb2c62c0] corrupt input packet in stream 0
[mpegts @ 000001a4bd203d00] Packet corrupt (stream = 0, dts = 74388000).
[in#0/hls @ 000001a4bb31bd40] Packet corrupt (stream = 0, dts = 74385000).
[in#0/hls @ 000001a4bb2c62c0] corrupt input packet in stream 0
[mpegts @ 000001a4bd203d00] Packet corrupt (stream = 0, dts = 74658000).
[in#0/hls @ 000001a4bb31bd40] Packet corrupt (stream = 0, dts = 74655000).
[in#0/hls @ 000001a4bb2c62c0] corrupt input packet in stream 0
[mpegts @ 000001a4bd203d00] Packet corrupt (stream = 0, dts = 75198000).
[in#0/hls @ 000001a4bb31bd40] Packet corrupt (stream = 0, dts = 75195000).
[in#0/hls @ 000001a4bb2c62c0] corrupt input packet in stream 0
[mpegts @ 000001a4bd203d00] Packet corrupt (stream = 0, dts = 75468000).
[in#0/hls @ 000001a4bb31bd40] Packet corrupt (stream = 0, dts = 75465000).
[in#0/hls @ 000001a4bb2c62c0] corrupt input packet in stream 0
[mpegts @ 000001a4bd203d00] Packet corrupt (stream = 0, dts = 75738000).
[in#0/hls @ 000001a4bb31bd40] Packet corrupt (stream = 0, dts = 75735000).
[in#0/hls @ 000001a4bb2c62c0] corrupt input packet in stream 0
[mpegts @ 000001a4bd203d00] Packet corrupt (stream = 0, dts = 76008000).
[in#0/hls @ 000001a4bb31bd40] Packet corrupt (stream = 0, dts = 76005000).
[in#0/hls @ 000001a4bb2c62c0] corrupt input packet in stream 0
[mpegts @ 000001a4bd203d00] Packet corrupt (stream = 0, dts = 76278000).
[in#0/hls @ 000001a4bb31bd40] Packet corrupt (stream = 0, dts = 76275000).
[in#0/hls @ 000001a4bb2c62c0] corrupt input packet in stream 0
[mpegts @ 000001a4bd203d00] Packet corrupt (stream = 0, dts = 76548000).
[in#0/hls @ 000001a4bb31bd40] Packet corrupt (stream = 0, dts = 76545000).
[in#0/hls @ 000001a4bb2c62c0] corrupt input packet in stream 0
[mpegts @ 000001a4bd203d00] Packet corrupt (stream = 0, dts = 76818000).
[in#0/hls @ 000001a4bb31bd40] Packet corrupt (stream = 0, dts = 76815000).
[in#0/hls @ 000001a4bb2c62c0] corrupt input packet in stream 0
[mpegts @ 000001a4bd203d00] Packet corrupt (stream = 0, dts = 77088000).
[in#0/hls @ 000001a4bb31bd40] Packet corrupt (stream = 0, dts = 77085000).
[in#0/hls @ 000001a4bb2c62c0] corrupt input packet in stream 0
[mpegts @ 000001a4bd203d00] Packet corrupt (stream = 0, dts = 77358000).
[in#0/hls @ 000001a4bb31bd40] Packet corrupt (stream = 0, dts = 77355000).
[in#0/hls @ 000001a4bb2c62c0] corrupt input packet in stream 0
[mpegts @ 000001a4bd203d00] Packet corrupt (stream = 0, dts = 77628000).
[in#0/hls @ 000001a4bb31bd40] Packet corrupt (stream = 0, dts = 77625000).
[in#0/hls @ 000001a4bb2c62c0] corrupt input packet in stream 0
[mpegts @ 000001a4bd203d00] Packet corrupt (stream = 0, dts = 77898000).
[in#0/hls @ 000001a4bb31bd40] Packet corrupt (stream = 0, dts = 77895000).
[in#0/hls @ 000001a4bb2c62c0] corrupt input packet in stream 0
[mpegts @ 000001a4bd203d00] Packet corrupt (stream = 0, dts = 78168000).
[in#0/hls @ 000001a4bb31bd40] Packet corrupt (stream = 0, dts = 78165000).
[in#0/hls @ 000001a4bb2c62c0] corrupt input packet in stream 0
[mpegts @ 000001a4bd203d00] Packet corrupt (stream = 0, dts = 78438000).
[in#0/hls @ 000001a4bb31bd40] Packet corrupt (stream = 0, dts = 78435000).
[in#0/hls @ 000001a4bb2c62c0] corrupt input packet in stream 0
[mpegts @ 000001a4bd203d00] Packet corrupt (stream = 0, dts = 78708000).
[in#0/hls @ 000001a4bb31bd40] Packet corrupt (stream = 0, dts = 78705000).
[in#0/hls @ 000001a4bb2c62c0] corrupt input packet in stream 0
[mpegts @ 000001a4bd203d00] Packet corrupt (stream = 0, dts = 78978000).
[in#0/hls @ 000001a4bb31bd40] Packet corrupt (stream = 0, dts = 78975000).
[in#0/hls @ 000001a4bb2c62c0] corrupt input packet in stream 0
[mpegts @ 000001a4bd203d00] Packet corrupt (stream = 0, dts = 79248000).
[in#0/hls @ 000001a4bb31bd40] Packet corrupt (stream = 0, dts = 79245000).
[in#0/hls @ 000001a4bb2c62c0] corrupt input packet in stream 0
[mpegts @ 000001a4bd203d00] Packet corrupt (stream = 0, dts = 79518000).
[in#0/hls @ 000001a4bb31bd40] Packet corrupt (stream = 0, dts = 79515000).
[in#0/hls @ 000001a4bb2c62c0] corrupt input packet in stream 0
[mpegts @ 000001a4bd203d00] Packet corrupt (stream = 0, dts = 79788000).
[in#0/hls @ 000001a4bb31bd40] Packet corrupt (stream = 0, dts = 79785000).
[in#0/hls @ 000001a4bb2c62c0] corrupt input packet in stream 0
[mpegts @ 000001a4bd203d00] Packet corrupt (stream = 0, dts = 80058000).
[in#0/hls @ 000001a4bb31bd40] Packet corrupt (stream = 0, dts = 80055000).
[in#0/hls @ 000001a4bb2c62c0] corrupt input packet in stream 0
[mpegts @ 000001a4bd203d00] Packet corrupt (stream = 0, dts = 80328000).
[in#0/hls @ 000001a4bb31bd40] Packet corrupt (stream = 0, dts = 80325000).
[in#0/hls @ 000001a4bb2c62c0] corrupt input packet in stream 0
[mpegts @ 000001a4bd203d00] Packet corrupt (stream = 0, dts = 80598000).
[in#0/hls @ 000001a4bb31bd40] Packet corrupt (stream = 0, dts = 80595000).
[in#0/hls @ 000001a4bb2c62c0] corrupt input packet in stream 0
[mpegts @ 000001a4bd203d00] Packet corrupt (stream = 0, dts = 80868000).
[in#0/hls @ 000001a4bb31bd40] Packet corrupt (stream = 0, dts = 80865000).
[in#0/hls @ 000001a4bb2c62c0] corrupt input packet in stream 0
[mpegts @ 000001a4bd203d00] Packet corrupt (stream = 0, dts = 81138000).
[in#0/hls @ 000001a4bb31bd40] Packet corrupt (stream = 0, dts = 81135000).
[in#0/hls @ 000001a4bb2c62c0] corrupt input packet in stream 0
[mpegts @ 000001a4bd203d00] Packet corrupt (stream = 0, dts = 81408000).
[in#0/hls @ 000001a4bb31bd40] Packet corrupt (stream = 0, dts = 81405000).
[in#0/hls @ 000001a4bb2c62c0] corrupt input packet in stream 0
[mpegts @ 000001a4bd203d00] Packet corrupt (stream = 0, dts = 81699000).
[in#0/hls @ 000001a4bb31bd40] Packet corrupt (stream = 0, dts = 81696000).
[in#0/hls @ 000001a4bb2c62c0] corrupt input packet in stream 0
[mpegts @ 000001a4bd203d00] Packet corrupt (stream = 0, dts = 81969000).
[in#0/hls @ 000001a4bb31bd40] Packet corrupt (stream = 0, dts = 81966000).
[in#0/hls @ 000001a4bb2c62c0] corrupt input packet in stream 0
[mpegts @ 000001a4bd203d00] Packet corrupt (stream = 0, dts = 82239000).
[in#0/hls @ 000001a4bb31bd40] Packet corrupt (stream = 0, dts = 82236000).
[in#0/hls @ 000001a4bb2c62c0] corrupt input packet in stream 0
[mpegts @ 000001a4bd203d00] Packet corrupt (stream = 0, dts = 82509000).
[in#0/hls @ 000001a4bb31bd40] Packet corrupt (stream = 0, dts = 82506000).
[in#0/hls @ 000001a4bb2c62c0] corrupt input packet in stream 0
[mpegts @ 000001a4bd203d00] Packet corrupt (stream = 0, dts = 82779000).
[in#0/hls @ 000001a4bb31bd40] Packet corrupt (stream = 0, dts = 82776000).
[in#0/hls @ 000001a4bb2c62c0] corrupt input packet in stream 0
[tls @ 000001a4bdd02380] Error in the pull function.
[tls @ 000001a4bdd02380] IO error: End of file
[https @ 000001a4bdaa5cc0] Error reading HTTP response: End of file
[mpegts @ 000001a4bd203d00] Packet corrupt (stream = 0, dts = 83049000).
[in#0/hls @ 000001a4bb31bd40] Packet corrupt (stream = 0, dts = 83046000).
[in#0/hls @ 000001a4bb2c62c0] corrupt input packet in stream 0
corrupt input packet in stream 18
[mpegts @ 0000021659348800] Packet corrupt (stream = 0, dts = 47646000).
[mpegts @ 000002165b3fae00] Packet corrupt (stream = 0, dts = 47646000).
[in#0/hls @ 000002165738a8c0] Packet corrupt (stream = 0, dts = 47643000).
[in#0/hls @ 000002165738a8c0] Packet corrupt (stream = 18, dts = 47643000).
[in#0/hls @ 000002165738a740] corrupt input packet in stream 18
[mpegts @ 0000021659348800] Packet corrupt (stream = 0, dts = 47916000).
[mpegts @ 000002165b3fae00] Packet corrupt (stream = 0, dts = 47916000).
[in#0/hls @ 000002165738a8c0] Packet corrupt (stream = 0, dts = 47913000).
[in#0/hls @ 000002165738a8c0] Packet corrupt (stream = 18, dts = 47913000).
[in#0/hls @ 000002165738a740] corrupt input packet in stream 18
[mpegts @ 0000021659348800] Packet corrupt (stream = 0, dts = 48186000).
[mpegts @ 000002165b3fae00] Packet corrupt (stream = 0, dts = 48186000).
[in#0/hls @ 000002165738a8c0] Packet corrupt (stream = 0, dts = 48183000).
[in#0/hls @ 000002165738a8c0] Packet corrupt (stream = 18, dts = 48183000).
[in#0/hls @ 000002165738a740] corrupt input packet in stream 18
[mpegts @ 0000021659348800] Packet corrupt (stream = 0, dts = 48456000).
[mpegts @ 000002165b3fae00] Packet corrupt (stream = 0, dts = 48456000).
[in#0/hls @ 000002165738a8c0] Packet corrupt (stream = 0, dts = 48453000).
[in#0/hls @ 000002165738a8c0] Packet corrupt (stream = 18, dts = 48453000).
[in#0/hls @ 000002165738a740] corrupt input packet in stream 18
[mpegts @ 0000021659348800] Packet corrupt (stream = 0, dts = 48726000).
[mpegts @ 000002165b3fae00] Packet corrupt (stream = 0, dts = 48726000).
[in#0/hls @ 000002165738a8c0] Packet corrupt (stream = 0, dts = 48723000).
[in#0/hls @ 000002165738a8c0] Packet corrupt (stream = 18, dts = 48723000).
[in#0/hls @ 000002165738a740] corrupt input packet in stream 18
[mpegts @ 0000021659348800] Packet corrupt (stream = 0, dts = 48996000).
[in#0/hls @ 000002165738a8c0] Packet corrupt (stream = 0, dts = 48993000).
[mpegts @ 0000021659348800] Packet corrupt (stream = 0, dts = 49266000).
[in#0/hls @ 000002165738a8c0] Packet corrupt (stream = 0, dts = 49263000).
[mpegts @ 000002165b3fae00] Packet corrupt (stream = 0, dts = 49266000).
[in#0/hls @ 000002165738a8c0] Packet corrupt (stream = 18, dts = 49263000).
[in#0/hls @ 000002165738a740] corrupt input packet in stream 18
[mpegts @ 0000021659348800] Packet corrupt (stream = 0, dts = 49536000).
[mpegts @ 000002165b3fae00] Packet corrupt (stream = 0, dts = 49536000).
[in#0/hls @ 000002165738a8c0] Packet corrupt (stream = 0, dts = 49533000).
[in#0/hls @ 000002165738a8c0] Packet corrupt (stream = 18, dts = 49533000).
[in#0/hls @ 000002165738a740] corrupt input packet in stream 18
[mpegts @ 0000021659348800] Packet corrupt (stream = 0, dts = 49806000).
[mpegts @ 000002165b3fae00] Packet corrupt (stream = 0, dts = 49806000).
[in#0/hls @ 000002165738a8c0] Packet corrupt (stream = 0, dts = 49803000).
[in#0/hls @ 000002165738a8c0] Packet corrupt (stream = 18, dts = 49803000).
[in#0/hls @ 000002165738a740] corrupt input packet in stream 18
[mpegts @ 0000021659348800] Packet corrupt (stream = 0, dts = 50076000).
[mpegts @ 000002165b3fae00] Packet corrupt (stream = 0, dts = 50076000).
[in#0/hls @ 000002165738a8c0] Packet corrupt (stream = 0, dts = 50073000).
[in#0/hls @ 000002165738a8c0] Packet corrupt (stream = 18, dts = 50073000).
[in#0/hls @ 000002165738a740] corrupt input packet in stream 18
[mpegts @ 0000021659348800] Packet corrupt (stream = 0, dts = 50346000).
[mpegts @ 000002165b3fae00] Packet corrupt (stream = 0, dts = 50346000).
[in#0/hls @ 000002165738a8c0] Packet corrupt (stream = 0, dts = 50343000).
[in#0/hls @ 000002165738a8c0] Packet corrupt (stream = 18, dts = 50343000).
[in#0/hls @ 000002165738a740] corrupt input packet in stream 18
[mpegts @ 0000021659348800] Packet corrupt (stream = 0, dts = 50616000).
[mpegts @ 000002165b3fae00] Packet corrupt (stream = 0, dts = 50616000).
[in#0/hls @ 000002165738a8c0] Packet corrupt (stream = 0, dts = 50613000).
[in#0/hls @ 000002165738a8c0] Packet corrupt (stream = 18, dts = 50613000).
[in#0/hls @ 000002165738a740] corrupt input packet in stream 18
[mpegts @ 0000021659348800] Packet corrupt (stream = 0, dts = 50886000).
[in#0/hls @ 000002165738a8c0] Packet corrupt (stream = 0, dts = 50883000).
[mpegts @ 0000021659348800] Packet corrupt (stream = 0, dts = 51156000).
[in#0/hls @ 000002165738a8c0] Packet corrupt (stream = 0, dts = 51153000).
[mpegts @ 0000021659348800] Packet corrupt (stream = 0, dts = 51426000).
[mpegts @ 000002165b3fae00] Packet corrupt (stream = 0, dts = 51426000).
[in#0/hls @ 000002165738a8c0] Packet corrupt (stream = 0, dts = 51423000).
[in#0/hls @ 000002165738a8c0] Packet corrupt (stream = 18, dts = 51423000).
[in#0/hls @ 000002165738a740] corrupt input packet in stream 18
[mpegts @ 0000021659348800] Packet corrupt (stream = 0, dts = 51696000).
[mpegts @ 000002165b3fae00] Packet corrupt (stream = 0, dts = 51696000).
[in#0/hls @ 000002165738a8c0] Packet corrupt (stream = 0, dts = 51693000).
[in#0/hls @ 000002165738a8c0] Packet corrupt (stream = 18, dts = 51693000).
[in#0/hls @ 000002165738a740] corrupt input packet in stream 18
[mpegts @ 0000021659348800] Packet corrupt (stream = 0, dts = 51960000).
[mpegts @ 000002165b3fae00] Packet corrupt (stream = 0, dts = 51960000).
[in#0/hls @ 000002165738a8c0] Packet corrupt (stream = 0, dts = 51957000).
[in#0/hls @ 000002165738a8c0] Packet corrupt (stream = 18, dts = 51957000).
[in#0/hls @ 000002165738a740] corrupt input packet in stream 18
[mpegts @ 0000021659348800] Packet corrupt (stream = 0, dts = 52230000).
[mpegts @ 000002165b3fae00] Packet corrupt (stream = 0, dts = 52230000).
[in#0/hls @ 000002165738a8c0] Packet corrupt (stream = 0, dts = 52227000).
[in#0/hls @ 000002165738a8c0] Packet corrupt (stream = 18, dts = 52227000).
[in#0/hls @ 000002165738a740] corrupt input packet in stream 18
[mpegts @ 000002165b3fae00] Packet corrupt (stream = 0, dts = 52500000).
[in#0/hls @ 000002165738a8c0] Packet corrupt (stream = 18, dts = 52497000).
[in#0/hls @ 000002165738a740] corrupt input packet in stream 18
[mpegts @ 0000021659348800] Packet corrupt (stream = 0, dts = 52770000).
[mpegts @ 000002165b3fae00] Packet corrupt (stream = 0, dts = 52770000).
[in#0/hls @ 000002165738a8c0] Packet corrupt (stream = 0, dts = 52767000).
[in#0/hls @ 000002165738a8c0] Packet corrupt (stream = 18, dts = 52767000).
[in#0/hls @ 000002165738a740] corrupt input packet in stream 18
[mpegts @ 0000021659348800] Packet corrupt (stream = 0, dts = 53040000).
[mpegts @ 000002165b3fae00] Packet corrupt (stream = 0, dts = 53040000).
[in#0/hls @ 000002165738a8c0] Packet corrupt (stream = 0, dts = 53037000).
[in#0/hls @ 000002165738a8c0] Packet corrupt (stream = 18, dts = 53037000).
[in#0/hls @ 000002165738a740] corrupt input packet in stream 18
[mpegts @ 0000021659348800] Packet corrupt (stream = 0, dts = 53310000).
[mpegts @ 000002165b3fae00] Packet corrupt (stream = 0, dts = 53310000).
[in#0/hls @ 000002165738a8c0] Packet corrupt (stream = 0, dts = 53307000).
[in#0/hls @ 000002165738a8c0] Packet corrupt (stream = 18, dts = 53307000).
[in#0/hls @ 000002165738a740] corrupt input packet in stream 18
[mpegts @ 0000021659348800] Packet corrupt (stream = 0, dts = 53580000).
[mpegts @ 000002165b3fae00] Packet corrupt (stream = 0, dts = 53580000).
[in#0/hls @ 000002165738a8c0] Packet corrupt (stream = 0, dts = 53577000).
[in#0/hls @ 000002165738a8c0] Packet corrupt (stream = 18, dts = 53577000).
[in#0/hls @ 000002165738a740] corrupt input packet in stream 18
[mpegts @ 0000021659348800] Packet corrupt (stream = 0, dts = 53850000).
[mpegts @ 000002165b3fae00] Packet corrupt (stream = 0, dts = 53850000).
[in#0/hls @ 000002165738a8c0] Packet corrupt (stream = 0, dts = 53847000).
[in#0/hls @ 000002165738a8c0] Packet corrupt (stream = 18, dts = 53847000).
[in#0/hls @ 000002165738a740] corrupt input packet in stream 18
[mpegts @ 0000021659348800] Packet corrupt (stream = 0, dts = 54120000).
[mpegts @ 000002165b3fae00] Packet corrupt (stream = 0, dts = 54120000).
[in#0/hls @ 000002165738a8c0] Packet corrupt (stream = 0, dts = 54117000).
[in#0/hls @ 000002165738a8c0] Packet corrupt (stream = 18, dts = 54117000).
[in#0/hls @ 000002165738a740] corrupt input packet in stream 18
[mpegts @ 0000021659348800] Packet corrupt (stream = 0, dts = 54390000).
[mpegts @ 000002165b3fae00] Packet corrupt (stream = 0, dts = 54390000).
[in#0/hls @ 000002165738a8c0] Packet corrupt (stream = 0, dts = 54387000).
[in#0/hls @ 000002165738a8c0] Packet corrupt (stream = 18, dts = 54387000).
[in#0/hls @ 000002165738a740] corrupt input packet in stream 18
[mpegts @ 0000021659348800] Packet corrupt (stream = 0, dts = 54660000).
[mpegts @ 000002165b3fae00] Packet corrupt (stream = 0, dts = 54660000).
[in#0/hls @ 000002165738a8c0] Packet corrupt (stream = 0, dts = 54657000).
[in#0/hls @ 000002165738a8c0] Packet corrupt (stream = 18, dts = 54657000).
[in#0/hls @ 000002165738a740] corrupt input packet in stream 18
[mpegts @ 0000021659348800] Packet corrupt (stream = 0, dts = 54930000).
[mpegts @ 000002165b3fae00] Packet corrupt (stream = 0, dts = 54930000).
[in#0/hls @ 000002165738a8c0] Packet corrupt (stream = 0, dts = 54927000).
[in#0/hls @ 000002165738a8c0] Packet corrupt (stream = 18, dts = 54927000).
[in#0/hls @ 000002165738a740] corrupt input packet in stream 18
[mpegts @ 0000021659348800] Packet corrupt (stream = 0, dts = 55200000).
[mpegts @ 000002165b3fae00] Packet corrupt (stream = 0, dts = 55200000).
[in#0/hls @ 000002165738a8c0] Packet corrupt (stream = 0, dts = 55197000).
[in#0/hls @ 000002165738a8c0] Packet corrupt (stream = 18, dts = 55197000).
[in#0/hls @ 000002165738a740] corrupt input packet in stream 18
[mpegts @ 0000021659348800] Packet corrupt (stream = 0, dts = 55470000).
[mpegts @ 000002165b3fae00] Packet corrupt (stream = 0, dts = 55470000).
[in#0/hls @ 000002165738a8c0] Packet corrupt (stream = 0, dts = 55467000).
[in#0/hls @ 000002165738a8c0] Packet corrupt (stream = 18, dts = 55467000).
[in#0/hls @ 000002165738a740] corrupt input packet in stream 18
[mpegts @ 0000021659348800] Packet corrupt (stream = 0, dts = 55740000).
[mpegts @ 000002165b3fae00] Packet corrupt (stream = 0, dts = 55740000).
[in#0/hls @ 000002165738a8c0] Packet corrupt (stream = 0, dts = 55737000).
[in#0/hls @ 000002165738a8c0] Packet corrupt (stream = 18, dts = 55737000).
[in#0/hls @ 000002165738a740] corrupt input packet in stream 18
[mpegts @ 0000021659348800] Packet corrupt (stream = 0, dts = 56010000).
[mpegts @ 000002165b3fae00] Packet corrupt (stream = 0, dts = 56010000).
[in#0/hls @ 000002165738a8c0] Packet corrupt (stream = 0, dts = 56007000).
[in#0/hls @ 000002165738a8c0] Packet corrupt (stream = 18, dts = 56007000).
[in#0/hls @ 000002165738a740] corrupt input packet in stream 18
[mpegts @ 0000021659348800] Packet corrupt (stream = 0, dts = 56280000).
[mpegts @ 000002165b3fae00] Packet corrupt (stream = 0, dts = 56280000).
[in#0/hls @ 000002165738a8c0] Packet corrupt (stream = 0, dts = 56277000).
[in#0/hls @ 000002165738a8c0] Packet corrupt (stream = 18, dts = 56277000).
[in#0/hls @ 000002165738a740] corrupt input packet in stream 18
[mpegts @ 0000021659348800] Packet corrupt (stream = 0, dts = 56550000).
[in#0/hls @ 000002165738a8c0] Packet corrupt (stream = 0, dts = 56547000).
[mpegts @ 000002165b3fae00] Packet corrupt (stream = 0, dts = 56550000).
[in#0/hls @ 000002165738a8c0] Packet corrupt (stream = 18, dts = 56547000).
[in#0/hls @ 000002165738a740] corrupt input packet in stream 18
[mpegts @ 0000021659348800] Packet corrupt (stream = 0, dts = 56820000).
[mpegts @ 000002165b3fae00] Packet corrupt (stream = 0, dts = 56820000).
[in#0/hls @ 000002165738a8c0] Packet corrupt (stream = 0, dts = 56817000).
[in#0/hls @ 000002165738a8c0] Packet corrupt (stream = 18, dts = 56817000).
[in#0/hls @ 000002165738a740] corrupt input packet in stream 18
[mpegts @ 0000021659348800] Packet corrupt (stream = 0, dts = 57090000).
[in#0/hls @ 000002165738a8c0] Packet corrupt (stream = 0, dts = 57087000).
[mpegts @ 0000021659348800] Packet corrupt (stream = 0, dts = 57360000).
[mpegts @ 000002165b3fae00] Packet corrupt (stream = 0, dts = 57360000).
[in#0/hls @ 000002165738a8c0] Packet corrupt (stream = 0, dts = 57357000).
[in#0/hls @ 000002165738a8c0] Packet corrupt (stream = 18, dts = 57357000).
[in#0/hls @ 000002165738a740] corrupt input packet in stream 18
[mpegts @ 0000021659348800] Packet corrupt (stream = 0, dts = 57630000).
[mpegts @ 000002165b3fae00] Packet corrupt (stream = 0, dts = 57630000).
[in#0/hls @ 000002165738a8c0] Packet corrupt (stream = 0, dts = 57627000).
[in#0/hls @ 000002165738a8c0] Packet corrupt (stream = 18, dts = 57627000).
[in#0/hls @ 000002165738a740] corrupt input packet in stream 18
[mpegts @ 0000021659348800] Packet corrupt (stream = 0, dts = 57900000).
[mpegts @ 000002165b3fae00] Packet corrupt (stream = 0, dts = 57900000).
[in#0/hls @ 000002165738a8c0] Packet corrupt (stream = 0, dts = 57897000).
[in#0/hls @ 000002165738a8c0] Packet corrupt (stream = 18, dts = 57897000).
[in#0/hls @ 000002165738a740] corrupt input packet in stream 18
[mpegts @ 0000021659348800] Packet corrupt (stream = 0, dts = 58170000).
[mpegts @ 000002165b3fae00] Packet corrupt (stream = 0, dts = 58170000).
[in#0/hls @ 000002165738a8c0] Packet corrupt (stream = 0, dts = 58167000).
[in#0/hls @ 000002165738a8c0] Packet corrupt (stream = 18, dts = 58167000).
[in#0/hls @ 000002165738a740] corrupt input packet in stream 18
[mpegts @ 0000021659348800] Packet corrupt (stream = 0, dts = 58440000).
[mpegts @ 000002165b3fae00] Packet corrupt (stream = 0, dts = 58440000).
[in#0/hls @ 000002165738a8c0] Packet corrupt (stream = 0, dts = 58437000).
[in#0/hls @ 000002165738a8c0] Packet corrupt (stream = 18, dts = 58437000).
[in#0/hls @ 000002165738a740] corrupt input packet in stream 18
[mpegts @ 0000021659348800] Packet corrupt (stream = 0, dts = 58710000).
[in#0/hls @ 000002165738a8c0] Packet corrupt (stream = 0, dts = 58707000).
[mpegts @ 000002165b3fae00] Packet corrupt (stream = 0, dts = 58728000).
[in#0/hls @ 000002165738a8c0] Packet corrupt (stream = 18, dts = 58725000).
[in#0/hls @ 000002165738a740] corrupt input packet in stream 18
[mpegts @ 0000021659348800] Packet corrupt (stream = 0, dts = 58980000).
[in#0/hls @ 000002165738a8c0] Packet corrupt (stream = 0, dts = 58977000).
[mpegts @ 000002165b3fae00] Packet corrupt (stream = 0, dts = 58998000).
[in#0/hls @ 000002165738a8c0] Packet corrupt (stream = 18, dts = 58995000).
[in#0/hls @ 000002165738a740] corrupt input packet in stream 18
[mpegts @ 0000021659348800] Packet corrupt (stream = 0, dts = 59250000).
[in#0/hls @ 000002165738a8c0] Packet corrupt (stream = 0, dts = 59247000).
[mpegts @ 000002165b3fae00] Packet corrupt (stream = 0, dts = 59268000).
[in#0/hls @ 000002165738a8c0] Packet corrupt (stream = 18, dts = 59265000).
[in#0/hls @ 000002165738a740] corrupt input packet in stream 18
[mpegts @ 0000021659348800] Packet corrupt (stream = 0, dts = 59520000).
[in#0/hls @ 000002165738a8c0] Packet corrupt (stream = 0, dts = 59517000).
[mpegts @ 000002165b3fae00] Packet corrupt (stream = 0, dts = 59538000).
[in#0/hls @ 000002165738a8c0] Packet corrupt (stream = 18, dts = 59535000).
[in#0/hls @ 000002165738a740] corrupt input packet in stream 18
[mpegts @ 0000021659348800] Packet corrupt (stream = 0, dts = 59790000).
[in#0/hls @ 000002165738a8c0] Packet corrupt (stream = 0, dts = 59787000).
[mpegts @ 000002165b3fae00] Packet corrupt (stream = 0, dts = 59808000).
[in#0/hls @ 000002165738a8c0] Packet corrupt (stream = 18, dts = 59805000).
[in#0/hls @ 000002165738a740] corrupt input packet in stream 18
[mpegts @ 0000021659348800] Packet corrupt (stream = 0, dts = 60060000).
[in#0/hls @ 000002165738a8c0] Packet corrupt (stream = 0, dts = 60057000).
[mpegts @ 000002165b3fae00] Packet corrupt (stream = 0, dts = 60078000).
[in#0/hls @ 000002165738a8c0] Packet corrupt (stream = 18, dts = 60075000).
[in#0/hls @ 000002165738a740] corrupt input packet in stream 18
[mpegts @ 0000021659348800] Packet corrupt (stream = 0, dts = 60330000).
[in#0/hls @ 000002165738a8c0] Packet corrupt (stream = 0, dts = 60327000).
[mpegts @ 000002165b3fae00] Packet corrupt (stream = 0, dts = 60348000).
[in#0/hls @ 000002165738a8c0] Packet corrupt (stream = 18, dts = 60345000).
[in#0/hls @ 000002165738a740] corrupt input packet in stream 18
[mpegts @ 0000021659348800] Packet corrupt (stream = 0, dts = 60600000).
[in#0/hls @ 000002165738a8c0] Packet corrupt (stream = 0, dts = 60597000).
[mpegts @ 000002165b3fae00] Packet corrupt (stream = 0, dts = 60618000).
[in#0/hls @ 000002165738a8c0] Packet corrupt (stream = 18, dts = 60615000).
[in#0/hls @ 000002165738a740] corrupt input packet in stream 18
[mpegts @ 0000021659348800] Packet corrupt (stream = 0, dts = 60870000).
[in#0/hls @ 000002165738a8c0] Packet corrupt (stream = 0, dts = 60867000).
[mpegts @ 000002165b3fae00] Packet corrupt (stream = 0, dts = 60888000).
[in#0/hls @ 000002165738a8c0] Packet corrupt (stream = 18, dts = 60885000).
[in#0/hls @ 000002165738a740] corrupt input packet in stream 18
[mpegts @ 0000021659348800] Packet corrupt (stream = 0, dts = 61140000).
[in#0/hls @ 000002165738a8c0] Packet corrupt (stream = 0, dts = 61137000).
[mpegts @ 000002165b3fae00] Packet corrupt (stream = 0, dts = 61158000).
[in#0/hls @ 000002165738a8c0] Packet corrupt (stream = 18, dts = 61155000).
[in#0/hls @ 000002165738a740] corrupt input packet in stream 18
[mpegts @ 0000021659348800] Packet corrupt (stream = 0, dts = 61680000).
[in#0/hls @ 000002165738a8c0] Packet corrupt (stream = 0, dts = 61677000).
[mpegts @ 000002165b3fae00] Packet corrupt (stream = 0, dts = 61698000).
[in#0/hls @ 000002165738a8c0] Packet corrupt (stream = 18, dts = 61695000).
[in#0/hls @ 000002165738a740] corrupt input packet in stream 18
[mpegts @ 0000021659348800] Packet corrupt (stream = 0, dts = 61950000).
[in#0/hls @ 000002165738a8c0] Packet corrupt (stream = 0, dts = 61947000).
[mpegts @ 000002165b3fae00] Packet corrupt (stream = 0, dts = 61968000).
[in#0/hls @ 000002165738a8c0] Packet corrupt (stream = 18, dts = 61965000).
[in#0/hls @ 000002165738a740] corrupt input packet in stream 18
[mpegts @ 0000021659348800] Packet corrupt (stream = 0, dts = 62220000).
[in#0/hls @ 000002165738a8c0] Packet corrupt (stream = 0, dts = 62217000).
[mpegts @ 000002165b3fae00] Packet corrupt (stream = 0, dts = 62238000).
[in#0/hls @ 000002165738a8c0] Packet corrupt (stream = 18, dts = 62235000).
[in#0/hls @ 000002165738a740] corrupt input packet in stream 18
[mpegts @ 0000021659348800] Packet corrupt (stream = 0, dts = 62490000).
[in#0/hls @ 000002165738a8c0] Packet corrupt (stream = 0, dts = 62487000).
[mpegts @ 000002165b3fae00] Packet corrupt (stream = 0, dts = 62508000).
[in#0/hls @ 000002165738a8c0] Packet corrupt (stream = 18, dts = 62505000).
[in#0/hls @ 000002165738a740] corrupt input packet in stream 18
[mpegts @ 0000021659348800] Packet corrupt (stream = 0, dts = 62760000).
[in#0/hls @ 000002165738a8c0] Packet corrupt (stream = 0, dts = 62757000).
[mpegts @ 000002165b3fae00] Packet corrupt (stream = 0, dts = 62778000).
[in#0/hls @ 000002165738a8c0] Packet corrupt (stream = 18, dts = 62775000).
[in#0/hls @ 000002165738a740] corrupt input packet in stream 18
[mpegts @ 0000021659348800] Packet corrupt (stream = 0, dts = 63030000).
[in#0/hls @ 000002165738a8c0] Packet corrupt (stream = 0, dts = 63027000).
[mpegts @ 000002165b3fae00] Packet corrupt (stream = 0, dts = 63048000).
[in#0/hls @ 000002165738a8c0] Packet corrupt (stream = 18, dts = 63045000).
[in#0/hls @ 000002165738a740] corrupt input packet in stream 18
[mpegts @ 0000021659348800] Packet corrupt (stream = 0, dts = 63300000).
[in#0/hls @ 000002165738a8c0] Packet corrupt (stream = 0, dts = 63297000).
[mpegts @ 000002165b3fae00] Packet corrupt (stream = 0, dts = 63318000).
[in#0/hls @ 000002165738a8c0] Packet corrupt (stream = 18, dts = 63315000).
[in#0/hls @ 000002165738a740] corrupt input packet in stream 18
[mpegts @ 0000021659348800] Packet corrupt (stream = 0, dts = 63570000).
[in#0/hls @ 000002165738a8c0] Packet corrupt (stream = 0, dts = 63567000).
[mpegts @ 000002165b3fae00] Packet corrupt (stream = 0, dts = 63588000).
[in#0/hls @ 000002165738a8c0] Packet corrupt (stream = 18, dts = 63585000).
[in#0/hls @ 000002165738a740] corrupt input packet in stream 18
[mpegts @ 0000021659348800] Packet corrupt (stream = 0, dts = 63840000).
[in#0/hls @ 000002165738a8c0] Packet corrupt (stream = 0, dts = 63837000).
[mpegts @ 000002165b3fae00] Packet corrupt (stream = 0, dts = 63858000).
[in#0/hls @ 000002165738a8c0] Packet corrupt (stream = 18, dts = 63855000).
[in#0/hls @ 000002165738a740] corrupt input packet in stream 18
[mpegts @ 0000021659348800] Packet corrupt (stream = 0, dts = 64110000).
[in#0/hls @ 000002165738a8c0] Packet corrupt (stream = 0, dts = 64107000).
[mpegts @ 000002165b3fae00] Packet corrupt (stream = 0, dts = 64128000).
[in#0/hls @ 000002165738a8c0] Packet corrupt (stream = 18, dts = 64125000).
[in#0/hls @ 000002165738a740] corrupt input packet in stream 18
[mpegts @ 0000021659348800] Packet corrupt (stream = 0, dts = 64380000).
[in#0/hls @ 000002165738a8c0] Packet corrupt (stream = 0, dts = 64377000).
[mpegts @ 000002165b3fae00] Packet corrupt (stream = 0, dts = 64398000).
[in#0/hls @ 000002165738a8c0] Packet corrupt (stream = 18, dts = 64395000).
[in#0/hls @ 000002165738a740] corrupt input packet in stream 18
[mpegts @ 0000021659348800] Packet corrupt (stream = 0, dts = 64650000).
[in#0/hls @ 000002165738a8c0] Packet corrupt (stream = 0, dts = 64647000).
[mpegts @ 000002165b3fae00] Packet corrupt (stream = 0, dts = 64668000).
[in#0/hls @ 000002165738a8c0] Packet corrupt (stream = 18, dts = 64665000).
[in#0/hls @ 000002165738a740] corrupt input packet in stream 18
[mpegts @ 0000021659348800] Packet corrupt (stream = 0, dts = 64920000).
[in#0/hls @ 000002165738a8c0] Packet corrupt (stream = 0, dts = 64917000).
[mpegts @ 000002165b3fae00] Packet corrupt (stream = 0, dts = 64938000).
[in#0/hls @ 000002165738a8c0] Packet corrupt (stream = 18, dts = 64935000).
[in#0/hls @ 000002165738a740] corrupt input packet in stream 18
[mpegts @ 0000021659348800] Packet corrupt (stream = 0, dts = 65190000).
[in#0/hls @ 000002165738a8c0] Packet corrupt (stream = 0, dts = 65187000).
[mpegts @ 000002165b3fae00] Packet corrupt (stream = 0, dts = 65208000).
[in#0/hls @ 000002165738a8c0] Packet corrupt (stream = 18, dts = 65205000).
[in#0/hls @ 000002165738a740] corrupt input packet in stream 18
[mpegts @ 0000021659348800] Packet corrupt (stream = 0, dts = 65460000).
[in#0/hls @ 000002165738a8c0] Packet corrupt (stream = 0, dts = 65457000).
[mpegts @ 000002165b3fae00] Packet corrupt (stream = 0, dts = 65478000).
[in#0/hls @ 000002165738a8c0] Packet corrupt (stream = 18, dts = 65475000).
[in#0/hls @ 000002165738a740] corrupt input packet in stream 18
[mpegts @ 0000021659348800] Packet corrupt (stream = 0, dts = 65730000).
[in#0/hls @ 000002165738a8c0] Packet corrupt (stream = 0, dts = 65727000).
[mpegts @ 000002165b3fae00] Packet corrupt (stream = 0, dts = 65748000).
[in#0/hls @ 000002165738a8c0] Packet corrupt (stream = 18, dts = 65745000).
[in#0/hls @ 000002165738a740] corrupt input packet in stream 18
[mpegts @ 000002165b3fae00] Packet corrupt (stream = 0, dts = 66018000).
[mpegts @ 0000021659348800] Packet corrupt (stream = 0, dts = 66021000).
[in#0/hls @ 000002165738a8c0] Packet corrupt (stream = 18, dts = 66015000).
[in#0/hls @ 000002165738a740] corrupt input packet in stream 18
[in#0/hls @ 000002165738a8c0] Packet corrupt (stream = 0, dts = 66018000).
[mpegts @ 0000021659348800] Packet corrupt (stream = 0, dts = 66291000).
[in#0/hls @ 000002165738a8c0] Packet corrupt (stream = 0, dts = 66288000).
[mpegts @ 000002165b3fae00] Packet corrupt (stream = 0, dts = 66288000).
[in#0/hls @ 000002165738a8c0] Packet corrupt (stream = 18, dts = 66285000).
[in#0/hls @ 000002165738a740] corrupt input packet in stream 18
[mpegts @ 000002165b3fae00] Packet corrupt (stream = 0, dts = 66558000).
[in#0/hls @ 000002165738a8c0] Packet corrupt (stream = 18, dts = 66555000).
[in#0/hls @ 000002165738a740] corrupt input packet in stream 18
[mpegts @ 0000021659348800] Packet corrupt (stream = 0, dts = 66561000).
[in#0/hls @ 000002165738a8c0] Packet corrupt (stream = 0, dts = 66558000).
[mpegts @ 000002165b3fae00] Packet corrupt (stream = 0, dts = 66807000).
[in#0/hls @ 000002165738a8c0] Packet corrupt (stream = 18, dts = 66804000).
[in#0/hls @ 000002165738a740] corrupt input packet in stream 18
[mpegts @ 0000021659348800] Packet corrupt (stream = 0, dts = 66807000).
[in#0/hls @ 000002165738a8c0] Packet corrupt (stream = 0, dts = 66804000).
[mpegts @ 0000021659348800] Packet corrupt (stream = 0, dts = 67077000).
[mpegts @ 000002165b3fae00] Packet corrupt (stream = 0, dts = 67077000).
[in#0/hls @ 000002165738a8c0] Packet corrupt (stream = 0, dts = 67074000).
[in#0/hls @ 000002165738a8c0] Packet corrupt (stream = 18, dts = 67074000).
[in#0/hls @ 000002165738a740] corrupt input packet in stream 18
[mpegts @ 0000021659348800] Packet corrupt (stream = 0, dts = 67347000).
[mpegts @ 000002165b3fae00] Packet corrupt (stream = 0, dts = 67347000).
[in#0/hls @ 000002165738a8c0] Packet corrupt (stream = 0, dts = 67344000).
[in#0/hls @ 000002165738a8c0] Packet corrupt (stream = 18, dts = 67344000).
[in#0/hls @ 000002165738a740] corrupt input packet in stream 18
[mpegts @ 0000021659348800] Packet corrupt (stream = 0, dts = 67617000).
[mpegts @ 000002165b3fae00] Packet corrupt (stream = 0, dts = 67617000).
[in#0/hls @ 000002165738a8c0] Packet corrupt (stream = 0, dts = 67614000).
[in#0/hls @ 000002165738a8c0] Packet corrupt (stream = 18, dts = 67614000).
[in#0/hls @ 000002165738a740] corrupt input packet in stream 18
[mpegts @ 0000021659348800] Packet corrupt (stream = 0, dts = 67887000).
[mpegts @ 000002165b3fae00] Packet corrupt (stream = 0, dts = 67887000).
[in#0/hls @ 000002165738a8c0] Packet corrupt (stream = 0, dts = 67884000).
[in#0/hls @ 000002165738a8c0] Packet corrupt (stream = 18, dts = 67884000).
[in#0/hls @ 000002165738a740] corrupt input packet in stream 18
[mpegts @ 0000021659348800] Packet corrupt (stream = 0, dts = 68157000).
[mpegts @ 000002165b3fae00] Packet corrupt (stream = 0, dts = 68157000).
[in#0/hls @ 000002165738a8c0] Packet corrupt (stream = 0, dts = 68154000).
[in#0/hls @ 000002165738a8c0] Packet corrupt (stream = 18, dts = 68154000).
[in#0/hls @ 000002165738a740] corrupt input packet in stream 18
[mpegts @ 000002165b3fae00] Packet corrupt (stream = 0, dts = 68427000).
[in#0/hls @ 000002165738a8c0] Packet corrupt (stream = 18, dts = 68424000).
[in#0/hls @ 000002165738a740] corrupt input packet in stream 18
[mpegts @ 0000021659348800] Packet corrupt (stream = 0, dts = 68697000).
[mpegts @ 000002165b3fae00] Packet corrupt (stream = 0, dts = 68697000).
[in#0/hls @ 000002165738a8c0] Packet corrupt (stream = 0, dts = 68694000).
[in#0/hls @ 000002165738a8c0] Packet corrupt (stream = 18, dts = 68694000).
[in#0/hls @ 000002165738a740] corrupt input packet in stream 18
[mpegts @ 0000021659348800] Packet corrupt (stream = 0, dts = 68967000).
[mpegts @ 000002165b3fae00] Packet corrupt (stream = 0, dts = 68967000).
[in#0/hls @ 000002165738a8c0] Packet corrupt (stream = 0, dts = 68964000).
[in#0/hls @ 000002165738a8c0] Packet corrupt (stream = 18, dts = 68964000).
[in#0/hls @ 000002165738a740] corrupt input packet in stream 18
[mpegts @ 0000021659348800] Packet corrupt (stream = 0, dts = 69237000).
[mpegts @ 000002165b3fae00] Packet corrupt (stream = 0, dts = 69237000).
[in#0/hls @ 000002165738a8c0] Packet corrupt (stream = 0, dts = 69234000).
[in#0/hls @ 000002165738a8c0] Packet corrupt (stream = 18, dts = 69234000).
[in#0/hls @ 000002165738a740] corrupt input packet in stream 18
[mpegts @ 0000021659348800] Packet corrupt (stream = 0, dts = 69507000).
[mpegts @ 000002165b3fae00] Packet corrupt (stream = 0, dts = 69507000).
[in#0/hls @ 000002165738a8c0] Packet corrupt (stream = 0, dts = 69504000).
[in#0/hls @ 000002165738a8c0] Packet corrupt (stream = 18, dts = 69504000).
[in#0/hls @ 000002165738a740] corrupt input packet in stream 18
[mpegts @ 0000021659348800] Packet corrupt (stream = 0, dts = 69777000).
[mpegts @ 000002165b3fae00] Packet corrupt (stream = 0, dts = 69777000).
[in#0/hls @ 000002165738a8c0] Packet corrupt (stream = 0, dts = 69774000).
[in#0/hls @ 000002165738a8c0] Packet corrupt (stream = 18, dts = 69774000).
[in#0/hls @ 000002165738a740] corrupt input packet in stream 18
[mpegts @ 0000021659348800] Packet corrupt (stream = 0, dts = 70047000).
[mpegts @ 000002165b3fae00] Packet corrupt (stream = 0, dts = 70047000).
[in#0/hls @ 000002165738a8c0] Packet corrupt (stream = 0, dts = 70044000).
[in#0/hls @ 000002165738a8c0] Packet corrupt (stream = 18, dts = 70044000).
[in#0/hls @ 000002165738a740] corrupt input packet in stream 18
[mpegts @ 0000021659348800] Packet corrupt (stream = 0, dts = 70317000).
[mpegts @ 000002165b3fae00] Packet corrupt (stream = 0, dts = 70317000).
[in#0/hls @ 000002165738a8c0] Packet corrupt (stream = 0, dts = 70314000).
[in#0/hls @ 000002165738a8c0] Packet corrupt (stream = 18, dts = 70314000).
[in#0/hls @ 000002165738a740] corrupt input packet in stream 18
[mpegts @ 0000021659348800] Packet corrupt (stream = 0, dts = 70587000).
[in#0/hls @ 000002165738a8c0] Packet corrupt (stream = 0, dts = 70584000).
[mpegts @ 0000021659348800] Packet corrupt (stream = 0, dts = 70857000).
[mpegts @ 000002165b3fae00] Packet corrupt (stream = 0, dts = 70857000).
[in#0/hls @ 000002165738a8c0] Packet corrupt (stream = 0, dts = 70854000).
[in#0/hls @ 000002165738a8c0] Packet corrupt (stream = 18, dts = 70854000).
[in#0/hls @ 000002165738a740] corrupt input packet in stream 18
[mpegts @ 0000021659348800] Packet corrupt (stream = 0, dts = 71127000).
[mpegts @ 000002165b3fae00] Packet corrupt (stream = 0, dts = 71127000).
[in#0/hls @ 000002165738a8c0] Packet corrupt (stream = 0, dts = 71124000).
[in#0/hls @ 000002165738a8c0] Packet corrupt (stream = 18, dts = 71124000).
[in#0/hls @ 000002165738a740] corrupt input packet in stream 18
[mpegts @ 0000021659348800] Packet corrupt (stream = 0, dts = 71667000).
[mpegts @ 000002165b3fae00] Packet corrupt (stream = 0, dts = 71667000).
[in#0/hls @ 000002165738a8c0] Packet corrupt (stream = 0, dts = 71664000).
[in#0/hls @ 000002165738a8c0] Packet corrupt (stream = 18, dts = 71664000).
[in#0/hls @ 000002165738a740] corrupt input packet in stream 18
[mpegts @ 0000021659348800] Packet corrupt (stream = 0, dts = 71937000).
[mpegts @ 000002165b3fae00] Packet corrupt (stream = 0, dts = 71937000).
[in#0/hls @ 000002165738a8c0] Packet corrupt (stream = 0, dts = 71934000).
[in#0/hls @ 000002165738a8c0] Packet corrupt (stream = 18, dts = 71934000).
[in#0/hls @ 000002165738a740] corrupt input packet in stream 18
[mpegts @ 0000021659348800] Packet corrupt (stream = 0, dts = 72207000).
[mpegts @ 000002165b3fae00] Packet corrupt (stream = 0, dts = 72207000).
[in#0/hls @ 000002165738a8c0] Packet corrupt (stream = 0, dts = 72204000).
[in#0/hls @ 000002165738a8c0] Packet corrupt (stream = 18, dts = 72204000).
[in#0/hls @ 000002165738a740] corrupt input packet in stream 18
[mpegts @ 0000021659348800] Packet corrupt (stream = 0, dts = 72489000).
[mpegts @ 000002165b3fae00] Packet corrupt (stream = 0, dts = 72489000).
[in#0/hls @ 000002165738a8c0] Packet corrupt (stream = 0, dts = 72486000).
[in#0/hls @ 000002165738a8c0] Packet corrupt (stream = 18, dts = 72486000).
[in#0/hls @ 000002165738a740] corrupt input packet in stream 18
[mpegts @ 0000021659348800] Packet corrupt (stream = 0, dts = 72759000).
[mpegts @ 000002165b3fae00] Packet corrupt (stream = 0, dts = 72759000).
[in#0/hls @ 000002165738a8c0] Packet corrupt (stream = 0, dts = 72756000).
[in#0/hls @ 000002165738a8c0] Packet corrupt (stream = 18, dts = 72756000).
[in#0/hls @ 000002165738a740] corrupt input packet in stream 18
[mpegts @ 0000021659348800] Packet corrupt (stream = 0, dts = 73029000).
[mpegts @ 000002165b3fae00] Packet corrupt (stream = 0, dts = 73029000).
[in#0/hls @ 000002165738a8c0] Packet corrupt (stream = 0, dts = 73026000).
[in#0/hls @ 000002165738a8c0] Packet corrupt (stream = 18, dts = 73026000).
[in#0/hls @ 000002165738a740] corrupt input packet in stream 18
[mpegts @ 0000021659348800] Packet corrupt (stream = 0, dts = 73299000).
[mpegts @ 000002165b3fae00] Packet corrupt (stream = 0, dts = 73299000).
[in#0/hls @ 000002165738a8c0] Packet corrupt (stream = 0, dts = 73296000).
[in#0/hls @ 000002165738a8c0] Packet corrupt (stream = 18, dts = 73296000).
[in#0/hls @ 000002165738a740] corrupt input packet in stream 18
[mpegts @ 0000021659348800] Packet corrupt (stream = 0, dts = 73569000).
[mpegts @ 000002165b3fae00] Packet corrupt (stream = 0, dts = 73569000).
[in#0/hls @ 000002165738a8c0] Packet corrupt (stream = 0, dts = 73566000).
[in#0/hls @ 000002165738a8c0] Packet corrupt (stream = 18, dts = 73566000).
[in#0/hls @ 000002165738a740] corrupt input packet in stream 18
[mpegts @ 0000021659348800] Packet corrupt (stream = 0, dts = 73839000).
[mpegts @ 000002165b3fae00] Packet corrupt (stream = 0, dts = 73839000).
[in#0/hls @ 000002165738a8c0] Packet corrupt (stream = 0, dts = 73836000).
[in#0/hls @ 000002165738a8c0] Packet corrupt (stream = 18, dts = 73836000).
[in#0/hls @ 000002165738a740] corrupt input packet in stream 18
[mpegts @ 0000021659348800] Packet corrupt (stream = 0, dts = 74109000).
[in#0/hls @ 000002165738a8c0] Packet corrupt (stream = 0, dts = 74106000).
[mpegts @ 0000021659348800] Packet corrupt (stream = 0, dts = 74379000).
[in#0/hls @ 000002165738a8c0] Packet corrupt (stream = 0, dts = 74376000).
[mpegts @ 000002165b3fae00] Packet corrupt (stream = 0, dts = 74388000).
[in#0/hls @ 000002165738a8c0] Packet corrupt (stream = 18, dts = 74385000).
[in#0/hls @ 000002165738a740] corrupt input packet in stream 18
[mpegts @ 0000021659348800] Packet corrupt (stream = 0, dts = 74649000).
[in#0/hls @ 000002165738a8c0] Packet corrupt (stream = 0, dts = 74646000).
[mpegts @ 000002165b3fae00] Packet corrupt (stream = 0, dts = 74658000).
[in#0/hls @ 000002165738a8c0] Packet corrupt (stream = 18, dts = 74655000).
[in#0/hls @ 000002165738a740] corrupt input packet in stream 18
[mpegts @ 0000021659348800] Packet corrupt (stream = 0, dts = 74919000).
[in#0/hls @ 000002165738a8c0] Packet corrupt (stream = 0, dts = 74916000).
[mpegts @ 0000021659348800] Packet corrupt (stream = 0, dts = 75189000).
[in#0/hls @ 000002165738a8c0] Packet corrupt (stream = 0, dts = 75186000).
[mpegts @ 000002165b3fae00] Packet corrupt (stream = 0, dts = 75198000).
[in#0/hls @ 000002165738a8c0] Packet corrupt (stream = 18, dts = 75195000).
[in#0/hls @ 000002165738a740] corrupt input packet in stream 18
[mpegts @ 0000021659348800] Packet corrupt (stream = 0, dts = 75459000).
[in#0/hls @ 000002165738a8c0] Packet corrupt (stream = 0, dts = 75456000).
[mpegts @ 000002165b3fae00] Packet corrupt (stream = 0, dts = 75468000).
[in#0/hls @ 000002165738a8c0] Packet corrupt (stream = 18, dts = 75465000).
[in#0/hls @ 000002165738a740] corrupt input packet in stream 18
[mpegts @ 0000021659348800] Packet corrupt (stream = 0, dts = 75729000).
[in#0/hls @ 000002165738a8c0] Packet corrupt (stream = 0, dts = 75726000).
[mpegts @ 000002165b3fae00] Packet corrupt (stream = 0, dts = 75738000).
[in#0/hls @ 000002165738a8c0] Packet corrupt (stream = 18, dts = 75735000).
[in#0/hls @ 000002165738a740] corrupt input packet in stream 18
[mpegts @ 0000021659348800] Packet corrupt (stream = 0, dts = 75999000).
[in#0/hls @ 000002165738a8c0] Packet corrupt (stream = 0, dts = 75996000).
[mpegts @ 000002165b3fae00] Packet corrupt (stream = 0, dts = 76008000).
[in#0/hls @ 000002165738a8c0] Packet corrupt (stream = 18, dts = 76005000).
[in#0/hls @ 000002165738a740] corrupt input packet in stream 18
[mpegts @ 0000021659348800] Packet corrupt (stream = 0, dts = 76269000).
[in#0/hls @ 000002165738a8c0] Packet corrupt (stream = 0, dts = 76266000).
[mpegts @ 000002165b3fae00] Packet corrupt (stream = 0, dts = 76278000).
[in#0/hls @ 000002165738a8c0] Packet corrupt (stream = 18, dts = 76275000).
[in#0/hls @ 000002165738a740] corrupt input packet in stream 18
[mpegts @ 0000021659348800] Packet corrupt (stream = 0, dts = 76539000).
[in#0/hls @ 000002165738a8c0] Packet corrupt (stream = 0, dts = 76536000).
[mpegts @ 000002165b3fae00] Packet corrupt (stream = 0, dts = 76548000).
[in#0/hls @ 000002165738a8c0] Packet corrupt (stream = 18, dts = 76545000).
[in#0/hls @ 000002165738a740] corrupt input packet in stream 18
[mpegts @ 0000021659348800] Packet corrupt (stream = 0, dts = 76809000).
[in#0/hls @ 000002165738a8c0] Packet corrupt (stream = 0, dts = 76806000).
[mpegts @ 000002165b3fae00] Packet corrupt (stream = 0, dts = 76818000).
[in#0/hls @ 000002165738a8c0] Packet corrupt (stream = 18, dts = 76815000).
[in#0/hls @ 000002165738a740] corrupt input packet in stream 18
[mpegts @ 0000021659348800] Packet corrupt (stream = 0, dts = 77079000).
[in#0/hls @ 000002165738a8c0] Packet corrupt (stream = 0, dts = 77076000).
[mpegts @ 000002165b3fae00] Packet corrupt (stream = 0, dts = 77088000).
[in#0/hls @ 000002165738a8c0] Packet corrupt (stream = 18, dts = 77085000).
[in#0/hls @ 000002165738a740] corrupt input packet in stream 18
[mpegts @ 000002165b3fae00] Packet corrupt (stream = 0, dts = 77358000).
[in#0/hls @ 000002165738a8c0] Packet corrupt (stream = 18, dts = 77355000).
[in#0/hls @ 000002165738a740] corrupt input packet in stream 18
[https @ 000002165739b600] Error reading HTTP response: End of file
[mpegts @ 0000021659348800] Packet corrupt (stream = 0, dts = 77619000).
[in#0/hls @ 000002165738a8c0] Packet corrupt (stream = 0, dts = 77616000).
[mpegts @ 000002165b3fae00] Packet corrupt (stream = 0, dts = 77628000).
[in#0/hls @ 000002165738a8c0] Packet corrupt (stream = 18, dts = 77625000).
[in#0/hls @ 000002165738a740] corrupt input packet in stream 18
[mpegts @ 0000021659348800] Packet corrupt (stream = 0, dts = 77889000).
[in#0/hls @ 000002165738a8c0] Packet corrupt (stream = 0, dts = 77886000).
[https @ 000002165c876b80] Error reading HTTP response: End of file
[mpegts @ 000002165b3fae00] Packet corrupt (stream = 0, dts = 77898000).
[in#0/hls @ 000002165738a8c0] Packet corrupt (stream = 18, dts = 77895000).
[in#0/hls @ 000002165738a740] corrupt input packet in stream 18
[mpegts @ 0000021659348800] Packet corrupt (stream = 0, dts = 78159000).
[in#0/hls @ 000002165738a8c0] Packet corrupt (stream = 0, dts = 78156000).
[mpegts @ 000002165b3fae00] Packet corrupt (stream = 0, dts = 78168000).
[in#0/hls @ 000002165738a8c0] Packet corrupt (stream = 18, dts = 78165000).
[in#0/hls @ 000002165738a740] corrupt input packet in stream 18
[mpegts @ 000002165b3fae00] Packet corrupt (stream = 0, dts = 78438000).
[in#0/hls @ 000002165738a8c0] Packet corrupt (stream = 18, dts = 78435000).
[in#0/hls @ 000002165738a740] corrupt input packet in stream 18
[mpegts @ 0000021659348800] Packet corrupt (stream = 0, dts = 78699000).
[in#0/hls @ 000002165738a8c0] Packet corrupt (stream = 0, dts = 78696000).
[mpegts @ 000002165b3fae00] Packet corrupt (stream = 0, dts = 78708000).
[in#0/hls @ 000002165738a8c0] Packet corrupt (stream = 18, dts = 78705000).
[in#0/hls @ 000002165738a740] corrupt input packet in stream 18
[mpegts @ 0000021659348800] Packet corrupt (stream = 0, dts = 78969000).
[in#0/hls @ 000002165738a8c0] Packet corrupt (stream = 0, dts = 78966000).
[mpegts @ 000002165b3fae00] Packet corrupt (stream = 0, dts = 78978000).
[in#0/hls @ 000002165738a8c0] Packet corrupt (stream = 18, dts = 78975000).
[in#0/hls @ 000002165738a740] corrupt input packet in stream 18
[mpegts @ 0000021659348800] Packet corrupt (stream = 0, dts = 79239000).
[in#0/hls @ 000002165738a8c0] Packet corrupt (stream = 0, dts = 79236000).
[mpegts @ 000002165b3fae00] Packet corrupt (stream = 0, dts = 79248000).
[in#0/hls @ 000002165738a8c0] Packet corrupt (stream = 18, dts = 79245000).
[in#0/hls @ 000002165738a740] corrupt input packet in stream 18
[mpegts @ 0000021659348800] Packet corrupt (stream = 0, dts = 79509000).
[in#0/hls @ 000002165738a8c0] Packet corrupt (stream = 0, dts = 79506000).
[mpegts @ 000002165b3fae00] Packet corrupt (stream = 0, dts = 79518000).
[in#0/hls @ 000002165738a8c0] Packet corrupt (stream = 18, dts = 79515000).
[in#0/hls @ 000002165738a740] corrupt input packet in stream 18
[mpegts @ 0000021659348800] Packet corrupt (stream = 0, dts = 79779000).
[in#0/hls @ 000002165738a8c0] Packet corrupt (stream = 0, dts = 79776000).
[mpegts @ 000002165b3fae00] Packet corrupt (stream = 0, dts = 79788000).
[in#0/hls @ 000002165738a8c0] Packet corrupt (stream = 18, dts = 79785000).
[in#0/hls @ 000002165738a740] corrupt input packet in stream 18
[mpegts @ 0000021659348800] Packet corrupt (stream = 0, dts = 80049000).
[in#0/hls @ 000002165738a8c0] Packet corrupt (stream = 0, dts = 80046000).
[mpegts @ 000002165b3fae00] Packet corrupt (stream = 0, dts = 80058000).
[in#0/hls @ 000002165738a8c0] Packet corrupt (stream = 18, dts = 80055000).
[in#0/hls @ 000002165738a740] corrupt input packet in stream 18
[mpegts @ 0000021659348800] Packet corrupt (stream = 0, dts = 80319000).
[in#0/hls @ 000002165738a8c0] Packet corrupt (stream = 0, dts = 80316000).
[mpegts @ 000002165b3fae00] Packet corrupt (stream = 0, dts = 80328000).
[in#0/hls @ 000002165738a8c0] Packet corrupt (stream = 18, dts = 80325000).
[in#0/hls @ 000002165738a740] corrupt input packet in stream 18
[mpegts @ 0000021659348800] Packet corrupt (stream = 0, dts = 80589000).
[in#0/hls @ 000002165738a8c0] Packet corrupt (stream = 0, dts = 80586000).
[mpegts @ 000002165b3fae00] Packet corrupt (stream = 0, dts = 80598000).
[in#0/hls @ 000002165738a8c0] Packet corrupt (stream = 18, dts = 80595000).
[in#0/hls @ 000002165738a740] corrupt input packet in stream 18
[mpegts @ 0000021659348800] Packet corrupt (stream = 0, dts = 80859000).
[in#0/hls @ 000002165738a8c0] Packet corrupt (stream = 0, dts = 80856000).
[mpegts @ 000002165b3fae00] Packet corrupt (stream = 0, dts = 80868000).
[in#0/hls @ 000002165738a8c0] Packet corrupt (stream = 18, dts = 80865000).
[in#0/hls @ 000002165738a740] corrupt input packet in stream 18
[mpegts @ 0000021659348800] Packet corrupt (stream = 0, dts = 81129000).
[in#0/hls @ 000002165738a8c0] Packet corrupt (stream = 0, dts = 81126000).
[mpegts @ 000002165b3fae00] Packet corrupt (stream = 0, dts = 81138000).
[in#0/hls @ 000002165738a8c0] Packet corrupt (stream = 18, dts = 81135000).
[in#0/hls @ 000002165738a740] corrupt input packet in stream 18
[mpegts @ 0000021659348800] Packet corrupt (stream = 0, dts = 81399000).
[in#0/hls @ 000002165738a8c0] Packet corrupt (stream = 0, dts = 81396000).
[mpegts @ 000002165b3fae00] Packet corrupt (stream = 0, dts = 81408000).
[in#0/hls @ 000002165738a8c0] Packet corrupt (stream = 18, dts = 81405000).
[in#0/hls @ 000002165738a740] corrupt input packet in stream 18
[mpegts @ 000002165b3fae00] Packet corrupt (stream = 0, dts = 81699000).
[mpegts @ 0000021659348800] Packet corrupt (stream = 0, dts = 81699000).
[in#0/hls @ 000002165738a8c0] Packet corrupt (stream = 0, dts = 81696000).
[in#0/hls @ 000002165738a8c0] Packet corrupt (stream = 18, dts = 81696000).
[in#0/hls @ 000002165738a740] corrupt input packet in stream 18
[mpegts @ 0000021659348800] Packet corrupt (stream = 0, dts = 81969000).
[mpegts @ 000002165b3fae00] Packet corrupt (stream = 0, dts = 81969000).
[in#0/hls @ 000002165738a8c0] Packet corrupt (stream = 0, dts = 81966000).
[in#0/hls @ 000002165738a8c0] Packet corrupt (stream = 18, dts = 81966000).
[in#0/hls @ 000002165738a740] corrupt input packet in stream 18
[mpegts @ 0000021659348800] Packet corrupt (stream = 0, dts = 82239000).
[mpegts @ 000002165b3fae00] Packet corrupt (stream = 0, dts = 82239000).
[in#0/hls @ 000002165738a8c0] Packet corrupt (stream = 0, dts = 82236000).
[in#0/hls @ 000002165738a8c0] Packet corrupt (stream = 18, dts = 82236000).
[in#0/hls @ 000002165738a740] corrupt input packet in stream 18
[mpegts @ 0000021659348800] Packet corrupt (stream = 0, dts = 82509000).
[mpegts @ 000002165b3fae00] Packet corrupt (stream = 0, dts = 82509000).
[in#0/hls @ 000002165738a8c0] Packet corrupt (stream = 0, dts = 82506000).
[in#0/hls @ 000002165738a8c0] Packet corrupt (stream = 18, dts = 82506000).
[in#0/hls @ 000002165738a740] corrupt input packet in stream 18
[https @ 00000216598eda00] Error reading HTTP response: End of file
[mpegts @ 0000021659348800] Packet corrupt (stream = 0, dts = 82779000).
[mpegts @ 000002165b3fae00] Packet corrupt (stream = 0, dts = 82779000).
[in#0/hls @ 000002165738a8c0] Packet corrupt (stream = 0, dts = 82776000).
[in#0/hls @ 000002165738a8c0] Packet corrupt (stream = 18, dts = 82776000).
[in#0/hls @ 000002165738a740] corrupt input packet in stream 18
[mpegts @ 000002165b3fae00] Packet corrupt (stream = 0, dts = 83049000).
[in#0/hls @ 000002165738a8c0] Packet corrupt (stream = 18, dts = 83046000).
[in#0/hls @ 000002165738a740] corrupt input packet in stream 18
[mpegts @ 0000021659348800] Packet corrupt (stream = 0, dts = 83319000).
[mpegts @ 000002165b3fae00] Packet corrupt (stream = 0, dts = 83319000).
[in#0/hls @ 000002165738a8c0] Packet corrupt (stream = 0, dts = 83316000).
[in#0/hls @ 000002165738a8c0] Packet corrupt (stream = 18, dts = 83316000).
[in#0/hls @ 000002165738a740] corrupt input packet in stream 18
[mpegts @ 0000021659348800] Packet corrupt (stream = 0, dts = 83589000).
[https @ 000002165c877300] Error reading HTTP response: End of file
[mpegts @ 000002165b3fae00] Packet corrupt (stream = 0, dts = 83589000).
[in#0/hls @ 000002165738a8c0] Packet corrupt (stream = 0, dts = 83586000).
[in#0/hls @ 000002165738a8c0] Packet corrupt (stream = 18, dts = 83586000).
[in#0/hls @ 000002165738a740] corrupt input packet in stream 18
[mpegts @ 0000021659348800] Packet corrupt (stream = 0, dts = 83859000).
[mpegts @ 000002165b3fae00] Packet corrupt (stream = 0, dts = 83859000).
[in#0/hls @ 000002165738a8c0] Packet corrupt (stream = 0, dts = 83856000).
[in#0/hls @ 000002165738a8c0] Packet corrupt (stream = 18, dts = 83856000).
[in#0/hls @ 000002165738a740] corrupt input packet in stream 18
[mpegts @ 0000021659348800] Packet corrupt (stream = 0, dts = 84129000).
[in#0/hls @ 000002165738a8c0] Packet corrupt (stream = 0, dts = 84126000).
[mpegts @ 0000021659348800] Packet corrupt (stream = 0, dts = 84399000).
[mpegts @ 000002165b3fae00] Packet corrupt (stream = 0, dts = 84399000).
[in#0/hls @ 000002165738a8c0] Packet corrupt (stream = 0, dts = 84396000).
[in#0/hls @ 000002165738a8c0] Packet corrupt (stream = 18, dts = 84396000).
[in#0/hls @ 000002165738a740] corrupt input packet in stream 18
[mpegts @ 0000021659348800] Packet corrupt (stream = 0, dts = 84669000).
[mpegts @ 000002165b3fae00] Packet corrupt (stream = 0, dts = 84669000).
[in#0/hls @ 000002165738a8c0] Packet corrupt (stream = 0, dts = 84666000).
[in#0/hls @ 000002165738a8c0] Packet corrupt (stream = 18, dts = 84666000).
[in#0/hls @ 000002165738a740] corrupt input packet in stream 18
[mpegts @ 0000021659348800] Packet corrupt (stream = 0, dts = 84939000).
[mpegts @ 000002165b3fae00] Packet corrupt (stream = 0, dts = 84939000).
[in#0/hls @ 000002165738a8c0] Packet corrupt (stream = 0, dts = 84936000).
[in#0/hls @ 000002165738a8c0] Packet corrupt (stream = 18, dts = 84936000).
[in#0/hls @ 000002165738a740] corrupt input packet in stream 18
[mpegts @ 0000021659348800] Packet corrupt (stream = 0, dts = 85209000).
[mpegts @ 000002165b3fae00] Packet corrupt (stream = 0, dts = 85209000).
[in#0/hls @ 000002165738a8c0] Packet corrupt (stream = 0, dts = 85206000).
[in#0/hls @ 000002165738a8c0] Packet corrupt (stream = 18, dts = 85206000).
[in#0/hls @ 000002165738a740] corrupt input packet in stream 18
[mpegts @ 0000021659348800] Packet corrupt (stream = 0, dts = 85479000).
[mpegts @ 000002165b3fae00] Packet corrupt (stream = 0, dts = 85479000).
[in#0/hls @ 000002165738a8c0] Packet corrupt (stream = 0, dts = 85476000).
[in#0/hls @ 000002165738a8c0] Packet corrupt (stream = 18, dts = 85476000).
[in#0/hls @ 000002165738a740] corrupt input packet in stream 18
[mpegts @ 0000021659348800] Packet corrupt (stream = 0, dts = 85749000).
[mpegts @ 000002165b3fae00] Packet corrupt (stream = 0, dts = 85749000).
[in#0/hls @ 000002165738a8c0] Packet corrupt (stream = 0, dts = 85746000).
[in#0/hls @ 000002165738a8c0] Packet corrupt (stream = 18, dts = 85746000).
[in#0/hls @ 000002165738a740] corrupt input packet in stream 18
[mpegts @ 0000021659348800] Packet corrupt (stream = 0, dts = 86019000).
[mpegts @ 000002165b3fae00] Packet corrupt (stream = 0, dts = 86019000).
[in#0/hls @ 000002165738a8c0] Packet corrupt (stream = 0, dts = 86016000).
[in#0/hls @ 000002165738a8c0] Packet corrupt (stream = 18, dts = 86016000).
[in#0/hls @ 000002165738a740] corrupt input packet in stream 18
[mpegts @ 0000021659348800] Packet corrupt (stream = 0, dts = 86289000).
[mpegts @ 000002165b3fae00] Packet corrupt (stream = 0, dts = 86289000).
[in#0/hls @ 000002165738a8c0] Packet corrupt (stream = 0, dts = 86286000).
[in#0/hls @ 000002165738a8c0] Packet corrupt (stream = 18, dts = 86286000).
[in#0/hls @ 000002165738a740] corrupt input packet in stream 18
[mpegts @ 0000021659348800] Packet corrupt (stream = 0, dts = 86559000).
[mpegts @ 000002165b3fae00] Packet corrupt (stream = 0, dts = 86559000).
[in#0/hls @ 000002165738a8c0] Packet corrupt (stream = 0, dts = 86556000).
[in#0/hls @ 000002165738a8c0] Packet corrupt (stream = 18, dts = 86556000).
[in#0/hls @ 000002165738a740] corrupt input packet in stream 18
[mpegts @ 0000021659348800] Packet corrupt (stream = 0, dts = 86829000).
[mpegts @ 000002165b3fae00] Packet corrupt (stream = 0, dts = 86829000).
[in#0/hls @ 000002165738a8c0] Packet corrupt (stream = 0, dts = 86826000).
[in#0/hls @ 000002165738a8c0] Packet corrupt (stream = 18, dts = 86826000).
[in#0/hls @ 000002165738a740] corrupt input packet in stream 18
[mpegts @ 0000021659348800] Packet corrupt (stream = 0, dts = 87093000).
[mpegts @ 000002165b3fae00] Packet corrupt (stream = 0, dts = 87093000).
[in#0/hls @ 000002165738a8c0] Packet corrupt (stream = 0, dts = 87090000).
[in#0/hls @ 000002165738a8c0] Packet corrupt (stream = 18, dts = 87090000).
[in#0/hls @ 000002165738a740] corrupt input packet in stream 18
[mpegts @ 0000021659348800] Packet corrupt (stream = 0, dts = 87363000).
[mpegts @ 000002165b3fae00] Packet corrupt (stream = 0, dts = 87363000).
[in#0/hls @ 000002165738a8c0] Packet corrupt (stream = 0, dts = 87360000).
[in#0/hls @ 000002165738a8c0] Packet corrupt (stream = 18, dts = 87360000).
[in#0/hls @ 000002165738a740] corrupt input packet in stream 18
[mpegts @ 0000021659348800] Packet corrupt (stream = 0, dts = 87633000).
[mpegts @ 000002165b3fae00] Packet corrupt (stream = 0, dts = 87633000).
[in#0/hls @ 000002165738a8c0] Packet corrupt (stream = 0, dts = 87630000).
[in#0/hls @ 000002165738a8c0] Packet corrupt (stream = 18, dts = 87630000).
[in#0/hls @ 000002165738a740] corrupt input packet in stream 18
[mpegts @ 0000021659348800] Packet corrupt (stream = 0, dts = 87903000).
[mpegts @ 000002165b3fae00] Packet corrupt (stream = 0, dts = 87903000).
[in#0/hls @ 000002165738a8c0] Packet corrupt (stream = 0, dts = 87900000).
[in#0/hls @ 000002165738a8c0] Packet corrupt (stream = 18, dts = 87900000).
[in#0/hls @ 000002165738a740] corrupt input packet in stream 18
[mpegts @ 0000021659348800] Packet corrupt (stream = 0, dts = 88173000).
[mpegts @ 000002165b3fae00] Packet corrupt (stream = 0, dts = 88173000).
[in#0/hls @ 000002165738a8c0] Packet corrupt (stream = 0, dts = 88170000).
[in#0/hls @ 000002165738a8c0] Packet corrupt (stream = 18, dts = 88170000).
[in#0/hls @ 000002165738a740] corrupt input packet in stream 18
[mpegts @ 000002165b3fae00] Packet corrupt (stream = 0, dts = 88443000).
[in#0/hls @ 000002165738a8c0] Packet corrupt (stream = 18, dts = 88440000).
[in#0/hls @ 000002165738a740] corrupt input packet in stream 18
[mpegts @ 0000021659348800] Packet corrupt (stream = 0, dts = 88713000).
[in#0/hls @ 000002165738a8c0] Packet corrupt (stream = 0, dts = 88710000).
[mpegts @ 0000021659348800] Packet corrupt (stream = 0, dts = 88983000).
[mpegts @ 000002165b3fae00] Packet corrupt (stream = 0, dts = 88983000).
[in#0/hls @ 000002165738a8c0] Packet corrupt (stream = 0, dts = 88980000).
[in#0/hls @ 000002165738a8c0] Packet corrupt (stream = 18, dts = 88980000).
[in#0/hls @ 000002165738a740] corrupt input packet in stream 18
[mpegts @ 0000021659348800] Packet corrupt (stream = 0, dts = 89253000).
[mpegts @ 000002165b3fae00] Packet corrupt (stream = 0, dts = 89253000).
[in#0/hls @ 000002165738a8c0] Packet corrupt (stream = 0, dts = 89250000).
[in#0/hls @ 000002165738a8c0] Packet corrupt (stream = 18, dts = 89250000).
[in#0/hls @ 000002165738a740] corrupt input packet in stream 18
[mpegts @ 0000021659348800] Packet corrupt (stream = 0, dts = 89523000).
[mpegts @ 000002165b3fae00] Packet corrupt (stream = 0, dts = 89523000).
[in#0/hls @ 000002165738a8c0] Packet corrupt (stream = 0, dts = 89520000).
[in#0/hls @ 000002165738a8c0] Packet corrupt (stream = 18, dts = 89520000).
[in#0/hls @ 000002165738a740] corrupt input packet in stream 18
[mpegts @ 0000021659348800] Packet corrupt (stream = 0, dts = 89793000).
[mpegts @ 000002165b3fae00] Packet corrupt (stream = 0, dts = 89793000).
[in#0/hls @ 000002165738a8c0] Packet corrupt (stream = 0, dts = 89790000).
[in#0/hls @ 000002165738a8c0] Packet corrupt (stream = 18, dts = 89790000).
[in#0/hls @ 000002165738a740] corrupt input packet in stream 18
[mpegts @ 0000021659348800] Packet corrupt (stream = 0, dts = 90063000).
[mpegts @ 000002165b3fae00] Packet corrupt (stream = 0, dts = 90063000).
[in#0/hls @ 000002165738a8c0] Packet corrupt (stream = 0, dts = 90060000).
[in#0/hls @ 000002165738a8c0] Packet corrupt (stream = 18, dts = 90060000).
[in#0/hls @ 000002165738a740] corrupt input packet in stream 18
[mpegts @ 0000021659348800] Packet corrupt (stream = 0, dts = 90333000).
[mpegts @ 000002165b3fae00] Packet corrupt (stream = 0, dts = 90333000).
[in#0/hls @ 000002165738a8c0] Packet corrupt (stream = 0, dts = 90330000).
[in#0/hls @ 000002165738a8c0] Packet corrupt (stream = 18, dts = 90330000).
[in#0/hls @ 000002165738a740] corrupt input packet in stream 18
[mpegts @ 0000021659348800] Packet corrupt (stream = 0, dts = 90603000).
[mpegts @ 000002165b3fae00] Packet corrupt (stream = 0, dts = 90603000).
[in#0/hls @ 000002165738a8c0] Packet corrupt (stream = 0, dts = 90600000).
[in#0/hls @ 000002165738a8c0] Packet corrupt (stream = 18, dts = 90600000).
[in#0/hls @ 000002165738a740] corrupt input packet in stream 18
[mpegts @ 000002165b3fae00] Packet corrupt (stream = 0, dts = 90873000).
[in#0/hls @ 000002165738a8c0] Packet corrupt (stream = 18, dts = 90870000).
[in#0/hls @ 000002165738a740] corrupt input packet in stream 18
[mpegts @ 0000021659348800] Packet corrupt (stream = 0, dts = 91143000).
[mpegts @ 000002165b3fae00] Packet corrupt (stream = 0, dts = 91143000).
[in#0/hls @ 000002165738a8c0] Packet corrupt (stream = 0, dts = 91140000).
[in#0/hls @ 000002165738a8c0] Packet corrupt (stream = 18, dts = 91140000).
[in#0/hls @ 000002165738a740] corrupt input packet in stream 18
[mpegts @ 0000021659348800] Packet corrupt (stream = 0, dts = 91413000).
[mpegts @ 000002165b3fae00] Packet corrupt (stream = 0, dts = 91413000).
[in#0/hls @ 000002165738a8c0] Packet corrupt (stream = 0, dts = 91410000).
[in#0/hls @ 000002165738a8c0] Packet corrupt (stream = 18, dts = 91410000).
[in#0/hls @ 000002165738a740] corrupt input packet in stream 18
[mpegts @ 000002165b3fae00] Packet corrupt (stream = 0, dts = 91683000).
[in#0/hls @ 000002165738a8c0] Packet corrupt (stream = 18, dts = 91680000).
[in#0/hls @ 000002165738a740] corrupt input packet in stream 18
[mpegts @ 0000021659348800] Packet corrupt (stream = 0, dts = 91953000).
[mpegts @ 000002165b3fae00] Packet corrupt (stream = 0, dts = 91953000).
[in#0/hls @ 000002165738a8c0] Packet corrupt (stream = 0, dts = 91950000).
[in#0/hls @ 000002165738a8c0] Packet corrupt (stream = 18, dts = 91950000).
[in#0/hls @ 000002165738a740] corrupt input packet in stream 18
[mpegts @ 0000021659348800] Packet corrupt (stream = 0, dts = 92223000).
[mpegts @ 000002165b3fae00] Packet corrupt (stream = 0, dts = 92223000).
[in#0/hls @ 000002165738a8c0] Packet corrupt (stream = 0, dts = 92220000).
[in#0/hls @ 000002165738a8c0] Packet corrupt (stream = 18, dts = 92220000).
[in#0/hls @ 000002165738a740] corrupt input packet in stream 18
[mpegts @ 0000021659348800] Packet corrupt (stream = 0, dts = 92493000).
[mpegts @ 000002165b3fae00] Packet corrupt (stream = 0, dts = 92493000).
[in#0/hls @ 000002165738a8c0] Packet corrupt (stream = 0, dts = 92490000).
[in#0/hls @ 000002165738a8c0] Packet corrupt (stream = 18, dts = 92490000).
[in#0/hls @ 000002165738a740] corrupt input packet in stream 18
[mpegts @ 0000021659348800] Packet corrupt (stream = 0, dts = 92763000).
[mpegts @ 000002165b3fae00] Packet corrupt (stream = 0, dts = 92763000).
[in#0/hls @ 000002165738a8c0] Packet corrupt (stream = 0, dts = 92760000).
[in#0/hls @ 000002165738a8c0] Packet corrupt (stream = 18, dts = 92760000).
[in#0/hls @ 000002165738a740] corrupt input packet in stream 18
[mpegts @ 0000021659348800] Packet corrupt (stream = 0, dts = 93033000).
[mpegts @ 000002165b3fae00] Packet corrupt (stream = 0, dts = 93033000).
[in#0/hls @ 000002165738a8c0] Packet corrupt (stream = 0, dts = 93030000).
[in#0/hls @ 000002165738a8c0] Packet corrupt (stream = 18, dts = 93030000).
[in#0/hls @ 000002165738a740] corrupt input packet in stream 18
[mpegts @ 0000021659348800] Packet corrupt (stream = 0, dts = 93285000).
[mpegts @ 000002165b3fae00] Packet corrupt (stream = 0, dts = 93285000).
[in#0/hls @ 000002165738a8c0] Packet corrupt (stream = 0, dts = 93282000).
[in#0/hls @ 000002165738a8c0] Packet corrupt (stream = 18, dts = 93282000).
[in#0/hls @ 000002165738a740] corrupt input packet in stream 18
[mpegts @ 0000021659348800] Packet corrupt (stream = 0, dts = 93555000).
[mpegts @ 000002165b3fae00] Packet corrupt (stream = 0, dts = 93555000).
[in#0/hls @ 000002165738a8c0] Packet corrupt (stream = 0, dts = 93552000).
[in#0/hls @ 000002165738a8c0] Packet corrupt (stream = 18, dts = 93552000).
[in#0/hls @ 000002165738a740] corrupt input packet in stream 18
[mpegts @ 0000021659348800] Packet corrupt (stream = 0, dts = 93825000).
[mpegts @ 000002165b3fae00] Packet corrupt (stream = 0, dts = 93825000).
[in#0/hls @ 000002165738a8c0] Packet corrupt (stream = 0, dts = 93822000).
[in#0/hls @ 000002165738a8c0] Packet corrupt (stream = 18, dts = 93822000).
[in#0/hls @ 000002165738a740] corrupt input packet in stream 18
[mpegts @ 0000021659348800] Packet corrupt (stream = 0, dts = 94095000).
[mpegts @ 000002165b3fae00] Packet corrupt (stream = 0, dts = 94095000).
[in#0/hls @ 000002165738a8c0] Packet corrupt (stream = 0, dts = 94092000).
[in#0/hls @ 000002165738a8c0] Packet corrupt (stream = 18, dts = 94092000).
[in#0/hls @ 000002165738a740] corrupt input packet in stream 18
[mpegts @ 0000021659348800] Packet corrupt (stream = 0, dts = 94365000).
[mpegts @ 000002165b3fae00] Packet corrupt (stream = 0, dts = 94365000).
[in#0/hls @ 000002165738a8c0] Packet corrupt (stream = 0, dts = 94362000).
[in#0/hls @ 000002165738a8c0] Packet corrupt (stream = 18, dts = 94362000).
[in#0/hls @ 000002165738a740] corrupt input packet in stream 18
[mpegts @ 0000021659348800] Packet corrupt (stream = 0, dts = 94635000).
[mpegts @ 000002165b3fae00] Packet corrupt (stream = 0, dts = 94635000).
[in#0/hls @ 000002165738a8c0] Packet corrupt (stream = 0, dts = 94632000).
[in#0/hls @ 000002165738a8c0] Packet corrupt (stream = 18, dts = 94632000).
[in#0/hls @ 000002165738a740] corrupt input packet in stream 18
[mpegts @ 0000021659348800] Packet corrupt (stream = 0, dts = 94905000).
[mpegts @ 000002165b3fae00] Packet corrupt (stream = 0, dts = 94905000).
[in#0/hls @ 000002165738a8c0] Packet corrupt (stream = 0, dts = 94902000).
[in#0/hls @ 000002165738a8c0] Packet corrupt (stream = 18, dts = 94902000).
[in#0/hls @ 000002165738a740] corrupt input packet in stream 18
[mpegts @ 0000021659348800] Packet corrupt (stream = 0, dts = 95175000).
[mpegts @ 000002165b3fae00] Packet corrupt (stream = 0, dts = 95175000).
[in#0/hls @ 000002165738a8c0] Packet corrupt (stream = 0, dts = 95172000).
[in#0/hls @ 000002165738a8c0] Packet corrupt (stream = 18, dts = 95172000).
[in#0/hls @ 000002165738a740] corrupt input packet in stream 18
[mpegts @ 0000021659348800] Packet corrupt (stream = 0, dts = 95445000).
[in#0/hls @ 000002165738a8c0] Packet corrupt (stream = 0, dts = 95442000).
[mpegts @ 0000021659348800] Packet corrupt (stream = 0, dts = 95715000).
[mpegts @ 000002165b3fae00] Packet corrupt (stream = 0, dts = 95715000).
[in#0/hls @ 000002165738a8c0] Packet corrupt (stream = 0, dts = 95712000).
[in#0/hls @ 000002165738a8c0] Packet corrupt (stream = 18, dts = 95712000).
[in#0/hls @ 000002165738a740] corrupt input packet in stream 18
[mpegts @ 0000021659348800] Packet corrupt (stream = 0, dts = 95985000).
[mpegts @ 000002165b3fae00] Packet corrupt (stream = 0, dts = 95985000).
[in#0/hls @ 000002165738a8c0] Packet corrupt (stream = 0, dts = 95982000).
[in#0/hls @ 000002165738a8c0] Packet corrupt (stream = 18, dts = 95982000).
[in#0/hls @ 000002165738a740] corrupt input packet in stream 18
[mpegts @ 0000021659348800] Packet corrupt (stream = 0, dts = 96255000).
[mpegts @ 000002165b3fae00] Packet corrupt (stream = 0, dts = 96255000).
[in#0/hls @ 000002165738a8c0] Packet corrupt (stream = 0, dts = 96252000).
[in#0/hls @ 000002165738a8c0] Packet corrupt (stream = 18, dts = 96252000).
[in#0/hls @ 000002165738a740] corrupt input packet in stream 18
[mpegts @ 0000021659348800] Packet corrupt (stream = 0, dts = 96525000).
[mpegts @ 000002165b3fae00] Packet corrupt (stream = 0, dts = 96525000).
[in#0/hls @ 000002165738a8c0] Packet corrupt (stream = 0, dts = 96522000).
[in#0/hls @ 000002165738a8c0] Packet corrupt (stream = 18, dts = 96522000).
[in#0/hls @ 000002165738a740] corrupt input packet in stream 18
[mpegts @ 0000021659348800] Packet corrupt (stream = 0, dts = 96795000).
[in#0/hls @ 000002165738a8c0] Packet corrupt (stream = 0, dts = 96792000).
[mpegts @ 0000021659348800] Packet corrupt (stream = 0, dts = 97065000).
[mpegts @ 000002165b3fae00] Packet corrupt (stream = 0, dts = 97065000).
[in#0/hls @ 000002165738a8c0] Packet corrupt (stream = 0, dts = 97062000).
[in#0/hls @ 000002165738a8c0] Packet corrupt (stream = 18, dts = 97062000).
[in#0/hls @ 000002165738a740] corrupt input packet in stream 18
[mpegts @ 0000021659348800] Packet corrupt (stream = 0, dts = 97356000).
[mpegts @ 000002165b3fae00] Packet corrupt (stream = 0, dts = 97356000).
[in#0/hls @ 000002165738a8c0] Packet corrupt (stream = 0, dts = 97353000).
[in#0/hls @ 000002165738a8c0] Packet corrupt (stream = 18, dts = 97353000).
[in#0/hls @ 000002165738a740] corrupt input packet in stream 18
[mpegts @ 0000021659348800] Packet corrupt (stream = 0, dts = 97626000).
[mpegts @ 000002165b3fae00] Packet corrupt (stream = 0, dts = 97626000).
[in#0/hls @ 000002165738a8c0] Packet corrupt (stream = 0, dts = 97623000).
[in#0/hls @ 000002165738a8c0] Packet corrupt (stream = 18, dts = 97623000).
[in#0/hls @ 000002165738a740] corrupt input packet in stream 18
[mpegts @ 0000021659348800] Packet corrupt (stream = 0, dts = 97896000).
[mpegts @ 000002165b3fae00] Packet corrupt (stream = 0, dts = 97896000).
[in#0/hls @ 000002165738a8c0] Packet corrupt (stream = 0, dts = 97893000).
[in#0/hls @ 000002165738a8c0] Packet corrupt (stream = 18, dts = 97893000).
[in#0/hls @ 000002165738a740] corrupt input packet in stream 18
[mpegts @ 000002165b3fae00] Packet corrupt (stream = 0, dts = 98166000).
[in#0/hls @ 000002165738a8c0] Packet corrupt (stream = 18, dts = 98163000).
[in#0/hls @ 000002165738a740] corrupt input packet in stream 18
[mpegts @ 000002165b3fae00] Packet corrupt (stream = 0, dts = 98436000).
[in#0/hls @ 000002165738a8c0] Packet corrupt (stream = 18, dts = 98433000).
[in#0/hls @ 000002165738a740] corrupt input packet in stream 18
[mpegts @ 0000021659348800] Packet corrupt (stream = 0, dts = 98706000).
[mpegts @ 000002165b3fae00] Packet corrupt (stream = 0, dts = 98706000).
[in#0/hls @ 000002165738a8c0] Packet corrupt (stream = 0, dts = 98703000).
[in#0/hls @ 000002165738a8c0] Packet corrupt (stream = 18, dts = 98703000).
[in#0/hls @ 000002165738a740] corrupt input packet in stream 18
[mpegts @ 0000021659348800] Packet corrupt (stream = 0, dts = 98976000).
[mpegts @ 000002165b3fae00] Packet corrupt (stream = 0, dts = 98976000).
[in#0/hls @ 000002165738a8c0] Packet corrupt (stream = 0, dts = 98973000).
[in#0/hls @ 000002165738a8c0] Packet corrupt (stream = 18, dts = 98973000).
[in#0/hls @ 000002165738a740] corrupt input packet in stream 18
[mpegts @ 0000021659348800] Packet corrupt (stream = 0, dts = 99246000).
[mpegts @ 000002165b3fae00] Packet corrupt (stream = 0, dts = 99246000).
[in#0/hls @ 000002165738a8c0] Packet corrupt (stream = 0, dts = 99243000).
[in#0/hls @ 000002165738a8c0] Packet corrupt (stream = 18, dts = 99243000).
[in#0/hls @ 000002165738a740] corrupt input packet in stream 18
[mpegts @ 0000021659348800] Packet corrupt (stream = 0, dts = 99516000).
[in#0/hls @ 000002165738a8c0] Packet corrupt (stream = 0, dts = 99513000).
[mpegts @ 0000021659348800] Packet corrupt (stream = 0, dts = 99786000).
[mpegts @ 000002165b3fae00] Packet corrupt (stream = 0, dts = 99786000).
[in#0/hls @ 000002165738a8c0] Packet corrupt (stream = 0, dts = 99783000).
[in#0/hls @ 000002165738a8c0] Packet corrupt (stream = 18, dts = 99783000).
[in#0/hls @ 000002165738a740] corrupt input packet in stream 18
[mpegts @ 0000021659348800] Packet corrupt (stream = 0, dts = 100056000).
[mpegts @ 000002165b3fae00] Packet corrupt (stream = 0, dts = 100056000).
[in#0/hls @ 000002165738a8c0] Packet corrupt (stream = 0, dts = 100053000).
[in#0/hls @ 000002165738a8c0] Packet corrupt (stream = 18, dts = 100053000).
[in#0/hls @ 000002165738a740] corrupt input packet in stream 18
[mpegts @ 0000021659348800] Packet corrupt (stream = 0, dts = 100326000).
[mpegts @ 000002165b3fae00] Packet corrupt (stream = 0, dts = 100326000).
[in#0/hls @ 000002165738a8c0] Packet corrupt (stream = 0, dts = 100323000).
[in#0/hls @ 000002165738a8c0] Packet corrupt (stream = 18, dts = 100323000).
[in#0/hls @ 000002165738a740] corrupt input packet in stream 18
[mpegts @ 0000021659348800] Packet corrupt (stream = 0, dts = 100596000).
[mpegts @ 000002165b3fae00] Packet corrupt (stream = 0, dts = 100596000).
[in#0/hls @ 000002165738a8c0] Packet corrupt (stream = 0, dts = 100593000).
[in#0/hls @ 000002165738a8c0] Packet corrupt (stream = 18, dts = 100593000).
[in#0/hls @ 000002165738a740] corrupt input packet in stream 18
[mpegts @ 0000021659348800] Packet corrupt (stream = 0, dts = 100866000).
[mpegts @ 000002165b3fae00] Packet corrupt (stream = 0, dts = 100866000).
[in#0/hls @ 000002165738a8c0] Packet corrupt (stream = 0, dts = 100863000).
[in#0/hls @ 000002165738a8c0] Packet corrupt (stream = 18, dts = 100863000).
[in#0/hls @ 000002165738a740] corrupt input packet in stream 18
[mpegts @ 0000021659348800] Packet corrupt (stream = 0, dts = 101136000).
[mpegts @ 000002165b3fae00] Packet corrupt (stream = 0, dts = 101136000).
[in#0/hls @ 000002165738a8c0] Packet corrupt (stream = 0, dts = 101133000).
[in#0/hls @ 000002165738a8c0] Packet corrupt (stream = 18, dts = 101133000).
[in#0/hls @ 000002165738a740] corrupt input packet in stream 18
[mpegts @ 0000021659348800] Packet corrupt (stream = 0, dts = 101406000).
[mpegts @ 000002165b3fae00] Packet corrupt (stream = 0, dts = 101406000).
[in#0/hls @ 000002165738a8c0] Packet corrupt (stream = 0, dts = 101403000).
[in#0/hls @ 000002165738a8c0] Packet corrupt (stream = 18, dts = 101403000).
[in#0/hls @ 000002165738a740] corrupt input packet in stream 18
[mpegts @ 0000021659348800] Packet corrupt (stream = 0, dts = 101676000).
[mpegts @ 000002165b3fae00] Packet corrupt (stream = 0, dts = 101676000).
[in#0/hls @ 000002165738a8c0] Packet corrupt (stream = 0, dts = 101673000).
[in#0/hls @ 000002165738a8c0] Packet corrupt (stream = 18, dts = 101673000).
[in#0/hls @ 000002165738a740] corrupt input packet in stream 18
[mpegts @ 0000021659348800] Packet corrupt (stream = 0, dts = 101946000).
[mpegts @ 000002165b3fae00] Packet corrupt (stream = 0, dts = 101946000).
[in#0/hls @ 000002165738a8c0] Packet corrupt (stream = 0, dts = 101943000).
[in#0/hls @ 000002165738a8c0] Packet corrupt (stream = 18, dts = 101943000).
[in#0/hls @ 000002165738a740] corrupt input packet in stream 18
[mpegts @ 0000021659348800] Packet corrupt (stream = 0, dts = 102216000).
[mpegts @ 000002165b3fae00] Packet corrupt (stream = 0, dts = 102216000).
[in#0/hls @ 000002165738a8c0] Packet corrupt (stream = 0, dts = 102213000).
[in#0/hls @ 000002165738a8c0] Packet corrupt (stream = 18, dts = 102213000).
[in#0/hls @ 000002165738a740] corrupt input packet in stream 18
[mpegts @ 0000021659348800] Packet corrupt (stream = 0, dts = 102486000).
[mpegts @ 000002165b3fae00] Packet corrupt (stream = 0, dts = 102486000).
[in#0/hls @ 000002165738a8c0] Packet corrupt (stream = 0, dts = 102483000).
[in#0/hls @ 000002165738a8c0] Packet corrupt (stream = 18, dts = 102483000).
[in#0/hls @ 000002165738a740] corrupt input packet in stream 18
[mpegts @ 0000021659348800] Packet corrupt (stream = 0, dts = 102756000).
[mpegts @ 000002165b3fae00] Packet corrupt (stream = 0, dts = 102756000).
[in#0/hls @ 000002165738a8c0] Packet corrupt (stream = 0, dts = 102753000).
[in#0/hls @ 000002165738a8c0] Packet corrupt (stream = 18, dts = 102753000).
[in#0/hls @ 000002165738a740] corrupt input packet in stream 18
[mpegts @ 0000021659348800] Packet corrupt (stream = 0, dts = 103026000).
[mpegts @ 000002165b3fae00] Packet corrupt (stream = 0, dts = 103026000).
[in#0/hls @ 000002165738a8c0] Packet corrupt (stream = 0, dts = 103023000).
[in#0/hls @ 000002165738a8c0] Packet corrupt (stream = 18, dts = 103023000).
[in#0/hls @ 000002165738a740] corrupt input packet in stream 18
[mpegts @ 0000021659348800] Packet corrupt (stream = 0, dts = 103296000).
[mpegts @ 000002165b3fae00] Packet corrupt (stream = 0, dts = 103296000).
[in#0/hls @ 000002165738a8c0] Packet corrupt (stream = 0, dts = 103293000).
[in#0/hls @ 000002165738a8c0] Packet corrupt (stream = 18, dts = 103293000).
[in#0/hls @ 000002165738a740] corrupt input packet in stream 18
[mpegts @ 0000021659348800] Packet corrupt (stream = 0, dts = 103566000).
[mpegts @ 000002165b3fae00] Packet corrupt (stream = 0, dts = 103566000).
[in#0/hls @ 000002165738a8c0] Packet corrupt (stream = 0, dts = 103563000).
[in#0/hls @ 000002165738a8c0] Packet corrupt (stream = 18, dts = 103563000).
[in#0/hls @ 000002165738a740] corrupt input packet in stream 18
[mpegts @ 0000021659348800] Packet corrupt (stream = 0, dts = 103836000).
[mpegts @ 000002165b3fae00] Packet corrupt (stream = 0, dts = 103836000).
[in#0/hls @ 000002165738a8c0] Packet corrupt (stream = 0, dts = 103833000).
[in#0/hls @ 000002165738a8c0] Packet corrupt (stream = 18, dts = 103833000).
[in#0/hls @ 000002165738a740] corrupt input packet in stream 18
[mpegts @ 0000021659348800] Packet corrupt (stream = 0, dts = 104106000).
[mpegts @ 000002165b3fae00] Packet corrupt (stream = 0, dts = 104106000).
[in#0/hls @ 000002165738a8c0] Packet corrupt (stream = 0, dts = 104103000).
[in#0/hls @ 000002165738a8c0] Packet corrupt (stream = 18, dts = 104103000).
[in#0/hls @ 000002165738a740] corrupt input packet in stream 18
[mpegts @ 0000021659348800] Packet corrupt (stream = 0, dts = 104376000).
[mpegts @ 000002165b3fae00] Packet corrupt (stream = 0, dts = 104376000).
[in#0/hls @ 000002165738a8c0] Packet corrupt (stream = 0, dts = 104373000).
[in#0/hls @ 000002165738a8c0] Packet corrupt (stream = 18, dts = 104373000).
[in#0/hls @ 000002165738a740] corrupt input packet in stream 18
[mpegts @ 0000021659348800] Packet corrupt (stream = 0, dts = 104646000).
[mpegts @ 000002165b3fae00] Packet corrupt (stream = 0, dts = 104646000).
[in#0/hls @ 000002165738a8c0] Packet corrupt (stream = 0, dts = 104643000).
[in#0/hls @ 000002165738a8c0] Packet corrupt (stream = 18, dts = 104643000).
[in#0/hls @ 000002165738a740] corrupt input packet in stream 18
[mpegts @ 0000021659348800] Packet corrupt (stream = 0, dts = 104916000).
[mpegts @ 000002165b3fae00] Packet corrupt (stream = 0, dts = 104916000).
[in#0/hls @ 000002165738a8c0] Packet corrupt (stream = 0, dts = 104913000).
[in#0/hls @ 000002165738a8c0] Packet corrupt (stream = 18, dts = 104913000).
[in#0/hls @ 000002165738a740] corrupt input packet in stream 18
[mpegts @ 0000021659348800] Packet corrupt (stream = 0, dts = 105186000).
[mpegts @ 000002165b3fae00] Packet corrupt (stream = 0, dts = 105186000).
[in#0/hls @ 000002165738a8c0] Packet corrupt (stream = 0, dts = 105183000).
[in#0/hls @ 000002165738a8c0] Packet corrupt (stream = 18, dts = 105183000).
[in#0/hls @ 000002165738a740] corrupt input packet in stream 18
[mpegts @ 000002165b3fae00] Packet corrupt (stream = 0, dts = 105456000).
[in#0/hls @ 000002165738a8c0] Packet corrupt (stream = 18, dts = 105453000).
[in#0/hls @ 000002165738a740] corrupt input packet in stream 18
[mpegts @ 0000021659348800] Packet corrupt (stream = 0, dts = 105726000).
[mpegts @ 000002165b3fae00] Packet corrupt (stream = 0, dts = 105726000).
[in#0/hls @ 000002165738a8c0] Packet corrupt (stream = 0, dts = 105723000).
[in#0/hls @ 000002165738a8c0] Packet corrupt (stream = 18, dts = 105723000).
[in#0/hls @ 000002165738a740] corrupt input packet in stream 18
[mpegts @ 0000021659348800] Packet corrupt (stream = 0, dts = 105996000).
[mpegts @ 000002165b3fae00] Packet corrupt (stream = 0, dts = 105996000).
[in#0/hls @ 000002165738a8c0] Packet corrupt (stream = 0, dts = 105993000).
[in#0/hls @ 000002165738a8c0] Packet corrupt (stream = 18, dts = 105993000).
[in#0/hls @ 000002165738a740] corrupt input packet in stream 18
[mpegts @ 0000021659348800] Packet corrupt (stream = 0, dts = 106260000).
[in#0/hls @ 000002165738a8c0] Packet corrupt (stream = 0, dts = 106257000).
[mpegts @ 000002165b3fae00] Packet corrupt (stream = 0, dts = 106260000).
[in#0/hls @ 000002165738a8c0] Packet corrupt (stream = 18, dts = 106257000).
[in#0/hls @ 000002165738a740] corrupt input packet in stream 18
[mpegts @ 0000021659348800] Packet corrupt (stream = 0, dts = 106530000).
[mpegts @ 000002165b3fae00] Packet corrupt (stream = 0, dts = 106530000).
[in#0/hls @ 000002165738a8c0] Packet corrupt (stream = 0, dts = 106527000).
[in#0/hls @ 000002165738a8c0] Packet corrupt (stream = 18, dts = 106527000).
[in#0/hls @ 000002165738a740] corrupt input packet in stream 18
[mpegts @ 000002165b3fae00] Packet corrupt (stream = 0, dts = 106800000).
[in#0/hls @ 000002165738a8c0] Packet corrupt (stream = 18, dts = 106797000).
[in#0/hls @ 000002165738a740] corrupt input packet in stream 18
[mpegts @ 0000021659348800] Packet corrupt (stream = 0, dts = 107070000).
[mpegts @ 000002165b3fae00] Packet corrupt (stream = 0, dts = 107070000).
[in#0/hls @ 000002165738a8c0] Packet corrupt (stream = 0, dts = 107067000).
[in#0/hls @ 000002165738a8c0] Packet corrupt (stream = 18, dts = 107067000).
[in#0/hls @ 000002165738a740] corrupt input packet in stream 18
[mpegts @ 0000021659348800] Packet corrupt (stream = 0, dts = 107340000).
[in#0/hls @ 000002165738a8c0] Packet corrupt (stream = 0, dts = 107337000).
[mpegts @ 0000021659348800] Packet corrupt (stream = 0, dts = 107601000).
[mpegts @ 000002165b3fae00] Packet corrupt (stream = 0, dts = 107601000).
[in#0/hls @ 000002165738a8c0] Packet corrupt (stream = 0, dts = 107598000).
[in#0/hls @ 000002165738a8c0] Packet corrupt (stream = 18, dts = 107598000).
[in#0/hls @ 000002165738a740] corrupt input packet in stream 18
[mpegts @ 0000021659348800] Packet corrupt (stream = 0, dts = 107871000).
[in#0/hls @ 000002165738a8c0] Packet corrupt (stream = 0, dts = 107868000).
